"ano_ingresso","homem","mulher","ch_cumprida","ch_cumprida_dividida","ch_reprovacao","taxa_reprovacao","semestre_total","semestre_dividido","matricula","ALGORITMOS E LÓGICA DE PROGRAMAÇÃO","ALGORITMOS E LÓGICA DE PROGRAMAÇÃO_SEMESTRE","ALGORITMOS E LÓGICA DE PROGRAMAÇÃO_APROVADO","ALGORITMOS E LÓGICA DE PROGRAMAÇÃO_REPROVADO","ALGORITMOS E LÓGICA DE PROGRAMAÇÃO_FALTAS","ALGORITMOS E LÓGICA DE PROGRAMAÇÃO_NOTA_1.0","ALGORITMOS E LÓGICA DE PROGRAMAÇÃO_NOTA_2.0","ALGORITMOS E LÓGICA DE PROGRAMAÇÃO_NOTA_3.0","ALGORITMOS E LÓGICA DE PROGRAMAÇÃO_MEDIA_FINAL_1.0","ALGORITMOS E LÓGICA DE PROGRAMAÇÃO_MEDIA_FINAL_2.0","INTRODUÇÃO À INFORMÁTICA","INTRODUÇÃO À INFORMÁTICA_SEMESTRE","INTRODUÇÃO À INFORMÁTICA_APROVADO","INTRODUÇÃO À INFORMÁTICA_REPROVADO","INTRODUÇÃO À INFORMÁTICA_FALTAS","INTRODUÇÃO À INFORMÁTICA_NOTA_1.0","INTRODUÇÃO À INFORMÁTICA_NOTA_2.0","INTRODUÇÃO À INFORMÁTICA_NOTA_3.0","INTRODUÇÃO À INFORMÁTICA_MEDIA_FINAL_1.0","INTRODUÇÃO À INFORMÁTICA_MEDIA_FINAL_2.0","FUNDAMENTOS DE MATEMÁTICA","FUNDAMENTOS DE MATEMÁTICA_SEMESTRE","FUNDAMENTOS DE MATEMÁTICA_APROVADO","FUNDAMENTOS DE MATEMÁTICA_REPROVADO","FUNDAMENTOS DE MATEMÁTICA_FALTAS","FUNDAMENTOS DE MATEMÁTICA_NOTA_1.0","FUNDAMENTOS DE MATEMÁTICA_NOTA_2.0","FUNDAMENTOS DE MATEMÁTICA_NOTA_3.0","FUNDAMENTOS DE MATEMÁTICA_MEDIA_FINAL_1.0","FUNDAMENTOS DE MATEMÁTICA_MEDIA_FINAL_2.0","LÓGICA","LÓGICA_SEMESTRE","LÓGICA_APROVADO","LÓGICA_REPROVADO","LÓGICA_FALTAS","LÓGICA_NOTA_1.0","LÓGICA_NOTA_2.0","LÓGICA_NOTA_3.0","LÓGICA_MEDIA_FINAL_1.0","LÓGICA_MEDIA_FINAL_2.0","TEORIA GERAL DA ADMINISTRAÇÃO","TEORIA GERAL DA ADMINISTRAÇÃO_SEMESTRE","TEORIA GERAL DA ADMINISTRAÇÃO_APROVADO","TEORIA GERAL DA ADMINISTRAÇÃO_REPROVADO","TEORIA GERAL DA ADMINISTRAÇÃO_FALTAS","TEORIA GERAL DA ADMINISTRAÇÃO_NOTA_1.0","TEORIA GERAL DA ADMINISTRAÇÃO_NOTA_2.0","TEORIA GERAL DA ADMINISTRAÇÃO_NOTA_3.0","TEORIA GERAL DA ADMINISTRAÇÃO_MEDIA_FINAL_1.0","TEORIA GERAL DA ADMINISTRAÇÃO_MEDIA_FINAL_2.0","PROGRAMAÇÃO","PROGRAMAÇÃO_SEMESTRE","PROGRAMAÇÃO_APROVADO","PROGRAMAÇÃO_REPROVADO","PROGRAMAÇÃO_FALTAS","PROGRAMAÇÃO_NOTA_1.0","PROGRAMAÇÃO_NOTA_2.0","PROGRAMAÇÃO_NOTA_3.0","PROGRAMAÇÃO_MEDIA_FINAL_1.0","PROGRAMAÇÃO_MEDIA_FINAL_2.0","CÁLCULO DIFERENCIAL E INTEGRAL","CÁLCULO DIFERENCIAL E INTEGRAL_SEMESTRE","CÁLCULO DIFERENCIAL E INTEGRAL_APROVADO","CÁLCULO DIFERENCIAL E INTEGRAL_REPROVADO","CÁLCULO DIFERENCIAL E INTEGRAL_FALTAS","CÁLCULO DIFERENCIAL E INTEGRAL_NOTA_1.0","CÁLCULO DIFERENCIAL E INTEGRAL_NOTA_2.0","CÁLCULO DIFERENCIAL E INTEGRAL_NOTA_3.0","CÁLCULO DIFERENCIAL E INTEGRAL_MEDIA_FINAL_1.0","CÁLCULO DIFERENCIAL E INTEGRAL_MEDIA_FINAL_2.0","TEORIA GERAL DOS SISTEMAS","TEORIA GERAL DOS SISTEMAS_SEMESTRE","TEORIA GERAL DOS SISTEMAS_APROVADO","TEORIA GERAL DOS SISTEMAS_REPROVADO","TEORIA GERAL DOS SISTEMAS_FALTAS","TEORIA GERAL DOS SISTEMAS_NOTA_1.0","TEORIA GERAL DOS SISTEMAS_NOTA_2.0","TEORIA GERAL DOS SISTEMAS_NOTA_3.0","TEORIA GERAL DOS SISTEMAS_MEDIA_FINAL_1.0","TEORIA GERAL DOS SISTEMAS_MEDIA_FINAL_2.0","PROGRAMAÇÃO ORIENTADA A OBJETOS I","PROGRAMAÇÃO ORIENTADA A OBJETOS I_SEMESTRE","PROGRAMAÇÃO ORIENTADA A OBJETOS I_APROVADO","PROGRAMAÇÃO ORIENTADA A OBJETOS I_REPROVADO","PROGRAMAÇÃO ORIENTADA A OBJETOS I_FALTAS","PROGRAMAÇÃO ORIENTADA A OBJETOS I_NOTA_1.0","PROGRAMAÇÃO ORIENTADA A OBJETOS I_NOTA_2.0","PROGRAMAÇÃO ORIENTADA A OBJETOS I_NOTA_3.0","PROGRAMAÇÃO ORIENTADA A OBJETOS I_MEDIA_FINAL_1.0","PROGRAMAÇÃO ORIENTADA A OBJETOS I_MEDIA_FINAL_2.0","ESTRUTURA DE DADOS","ESTRUTURA DE DADOS_SEMESTRE","ESTRUTURA DE DADOS_APROVADO","ESTRUTURA DE DADOS_REPROVADO","ESTRUTURA DE DADOS_FALTAS","ESTRUTURA DE DADOS_NOTA_1.0","ESTRUTURA DE DADOS_NOTA_2.0","ESTRUTURA DE DADOS_NOTA_3.0","ESTRUTURA DE DADOS_MEDIA_FINAL_1.0","ESTRUTURA DE DADOS_MEDIA_FINAL_2.0","ÁLGEBRA LINEAR","ÁLGEBRA LINEAR_SEMESTRE","ÁLGEBRA LINEAR_APROVADO","ÁLGEBRA LINEAR_REPROVADO","ÁLGEBRA LINEAR_FALTAS","ÁLGEBRA LINEAR_NOTA_1.0","ÁLGEBRA LINEAR_NOTA_2.0","ÁLGEBRA LINEAR_NOTA_3.0","ÁLGEBRA LINEAR_MEDIA_FINAL_1.0","ÁLGEBRA LINEAR_MEDIA_FINAL_2.0","ORGANIZAÇÃO, SISTEMAS E MÉTODOS","ORGANIZAÇÃO, SISTEMAS E MÉTODOS_SEMESTRE","ORGANIZAÇÃO, SISTEMAS E MÉTODOS_APROVADO","ORGANIZAÇÃO, SISTEMAS E MÉTODOS_REPROVADO","ORGANIZAÇÃO, SISTEMAS E MÉTODOS_FALTAS","ORGANIZAÇÃO, SISTEMAS E MÉTODOS_NOTA_1.0","ORGANIZAÇÃO, SISTEMAS E MÉTODOS_NOTA_2.0","ORGANIZAÇÃO, SISTEMAS E MÉTODOS_NOTA_3.0","ORGANIZAÇÃO, SISTEMAS E MÉTODOS_MEDIA_FINAL_1.0","ORGANIZAÇÃO, SISTEMAS E MÉTODOS_MEDIA_FINAL_2.0","FUNDAMENTOS DE SISTEMAS DE INFORMAÇÃO","FUNDAMENTOS DE SISTEMAS DE INFORMAÇÃO_SEMESTRE","FUNDAMENTOS DE SISTEMAS DE INFORMAÇÃO_APROVADO","FUNDAMENTOS DE SISTEMAS DE INFORMAÇÃO_REPROVADO","FUNDAMENTOS DE SISTEMAS DE INFORMAÇÃO_FALTAS","FUNDAMENTOS DE SISTEMAS DE INFORMAÇÃO_NOTA_1.0","FUNDAMENTOS DE SISTEMAS DE INFORMAÇÃO_NOTA_2.0","FUNDAMENTOS DE SISTEMAS DE INFORMAÇÃO_NOTA_3.0","FUNDAMENTOS DE SISTEMAS DE INFORMAÇÃO_MEDIA_FINAL_1.0","FUNDAMENTOS DE SISTEMAS DE INFORMAÇÃO_MEDIA_FINAL_2.0","PROGRAMAÇÃO WEB","PROGRAMAÇÃO WEB_SEMESTRE","PROGRAMAÇÃO WEB_APROVADO","PROGRAMAÇÃO WEB_REPROVADO","PROGRAMAÇÃO WEB_FALTAS","PROGRAMAÇÃO WEB_NOTA_1.0","PROGRAMAÇÃO WEB_NOTA_2.0","PROGRAMAÇÃO WEB_NOTA_3.0","PROGRAMAÇÃO WEB_MEDIA_FINAL_1.0","PROGRAMAÇÃO WEB_MEDIA_FINAL_2.0","ARQUITETURA DE COMPUTADORES","ARQUITETURA DE COMPUTADORES_SEMESTRE","ARQUITETURA DE COMPUTADORES_APROVADO","ARQUITETURA DE COMPUTADORES_REPROVADO","ARQUITETURA DE COMPUTADORES_FALTAS","ARQUITETURA DE COMPUTADORES_NOTA_1.0","ARQUITETURA DE COMPUTADORES_NOTA_2.0","ARQUITETURA DE COMPUTADORES_NOTA_3.0","ARQUITETURA DE COMPUTADORES_MEDIA_FINAL_1.0","ARQUITETURA DE COMPUTADORES_MEDIA_FINAL_2.0","PROBABILIDADE E ESTATÍSTICA","PROBABILIDADE E ESTATÍSTICA_SEMESTRE","PROBABILIDADE E ESTATÍSTICA_APROVADO","PROBABILIDADE E ESTATÍSTICA_REPROVADO","PROBABILIDADE E ESTATÍSTICA_FALTAS","PROBABILIDADE E ESTATÍSTICA_NOTA_1.0","PROBABILIDADE E ESTATÍSTICA_NOTA_2.0","PROBABILIDADE E ESTATÍSTICA_NOTA_3.0","PROBABILIDADE E ESTATÍSTICA_MEDIA_FINAL_1.0","PROBABILIDADE E ESTATÍSTICA_MEDIA_FINAL_2.0","BANCO DE DADOS","BANCO DE DADOS_SEMESTRE","BANCO DE DADOS_APROVADO","BANCO DE DADOS_REPROVADO","BANCO DE DADOS_FALTAS","BANCO DE DADOS_NOTA_1.0","BANCO DE DADOS_NOTA_2.0","BANCO DE DADOS_NOTA_3.0","BANCO DE DADOS_MEDIA_FINAL_1.0","BANCO DE DADOS_MEDIA_FINAL_2.0","ENGENHARIA DE SOFTWARE I","ENGENHARIA DE SOFTWARE I_SEMESTRE","ENGENHARIA DE SOFTWARE I_APROVADO","ENGENHARIA DE SOFTWARE I_REPROVADO","ENGENHARIA DE SOFTWARE I_FALTAS","ENGENHARIA DE SOFTWARE I_NOTA_1.0","ENGENHARIA DE SOFTWARE I_NOTA_2.0","ENGENHARIA DE SOFTWARE I_NOTA_3.0","ENGENHARIA DE SOFTWARE I_MEDIA_FINAL_1.0","ENGENHARIA DE SOFTWARE I_MEDIA_FINAL_2.0","PROGRAMAÇÃO ORIENTADA A OBJETOS II","PROGRAMAÇÃO ORIENTADA A OBJETOS II_SEMESTRE","PROGRAMAÇÃO ORIENTADA A OBJETOS II_APROVADO","PROGRAMAÇÃO ORIENTADA A OBJETOS II_REPROVADO","PROGRAMAÇÃO ORIENTADA A OBJETOS II_FALTAS","PROGRAMAÇÃO ORIENTADA A OBJETOS II_NOTA_1.0","PROGRAMAÇÃO ORIENTADA A OBJETOS II_NOTA_2.0","PROGRAMAÇÃO ORIENTADA A OBJETOS II_NOTA_3.0","PROGRAMAÇÃO ORIENTADA A OBJETOS II_MEDIA_FINAL_1.0","PROGRAMAÇÃO ORIENTADA A OBJETOS II_MEDIA_FINAL_2.0","SISTEMAS OPERACIONAIS","SISTEMAS OPERACIONAIS_SEMESTRE","SISTEMAS OPERACIONAIS_APROVADO","SISTEMAS OPERACIONAIS_REPROVADO","SISTEMAS OPERACIONAIS_FALTAS","SISTEMAS OPERACIONAIS_NOTA_1.0","SISTEMAS OPERACIONAIS_NOTA_2.0","SISTEMAS OPERACIONAIS_NOTA_3.0","SISTEMAS OPERACIONAIS_MEDIA_FINAL_1.0","SISTEMAS OPERACIONAIS_MEDIA_FINAL_2.0","PROJETO E ADMINISTRAÇÃO DE BANCO DE DADOS","PROJETO E ADMINISTRAÇÃO DE BANCO DE DADOS_SEMESTRE","PROJETO E ADMINISTRAÇÃO DE BANCO DE DADOS_APROVADO","PROJETO E ADMINISTRAÇÃO DE BANCO DE DADOS_REPROVADO","PROJETO E ADMINISTRAÇÃO DE BANCO DE DADOS_FALTAS","PROJETO E ADMINISTRAÇÃO DE BANCO DE DADOS_NOTA_1.0","PROJETO E ADMINISTRAÇÃO DE BANCO DE DADOS_NOTA_2.0","PROJETO E ADMINISTRAÇÃO DE BANCO DE DADOS_NOTA_3.0","PROJETO E ADMINISTRAÇÃO DE BANCO DE DADOS_MEDIA_FINAL_1.0","PROJETO E ADMINISTRAÇÃO DE BANCO DE DADOS_MEDIA_FINAL_2.0","ENGENHARIA DE SOFTWARE II","ENGENHARIA DE SOFTWARE II_SEMESTRE","ENGENHARIA DE SOFTWARE II_APROVADO","ENGENHARIA DE SOFTWARE II_REPROVADO","ENGENHARIA DE SOFTWARE II_FALTAS","ENGENHARIA DE SOFTWARE II_NOTA_1.0","ENGENHARIA DE SOFTWARE II_NOTA_2.0","ENGENHARIA DE SOFTWARE II_NOTA_3.0","ENGENHARIA DE SOFTWARE II_MEDIA_FINAL_1.0","ENGENHARIA DE SOFTWARE II_MEDIA_FINAL_2.0","REDES DE COMPUTADORES","REDES DE COMPUTADORES_SEMESTRE","REDES DE COMPUTADORES_APROVADO","REDES DE COMPUTADORES_REPROVADO","REDES DE COMPUTADORES_FALTAS","REDES DE COMPUTADORES_NOTA_1.0","REDES DE COMPUTADORES_NOTA_2.0","REDES DE COMPUTADORES_NOTA_3.0","REDES DE COMPUTADORES_MEDIA_FINAL_1.0","REDES DE COMPUTADORES_MEDIA_FINAL_2.0","EMPREENDEDORISMO EM INFORMÁTICA","EMPREENDEDORISMO EM INFORMÁTICA_SEMESTRE","EMPREENDEDORISMO EM INFORMÁTICA_APROVADO","EMPREENDEDORISMO EM INFORMÁTICA_REPROVADO","EMPREENDEDORISMO EM INFORMÁTICA_FALTAS","EMPREENDEDORISMO EM INFORMÁTICA_NOTA_1.0","EMPREENDEDORISMO EM INFORMÁTICA_NOTA_2.0","EMPREENDEDORISMO EM INFORMÁTICA_NOTA_3.0","EMPREENDEDORISMO EM INFORMÁTICA_MEDIA_FINAL_1.0","EMPREENDEDORISMO EM INFORMÁTICA_MEDIA_FINAL_2.0","GESTÃO DE PROJETO DE SOFTWARE","GESTÃO DE PROJETO DE SOFTWARE_SEMESTRE","GESTÃO DE PROJETO DE SOFTWARE_APROVADO","GESTÃO DE PROJETO DE SOFTWARE_REPROVADO","GESTÃO DE PROJETO DE SOFTWARE_FALTAS","GESTÃO DE PROJETO DE SOFTWARE_NOTA_1.0","GESTÃO DE PROJETO DE SOFTWARE_NOTA_2.0","GESTÃO DE PROJETO DE SOFTWARE_NOTA_3.0","GESTÃO DE PROJETO DE SOFTWARE_MEDIA_FINAL_1.0","GESTÃO DE PROJETO DE SOFTWARE_MEDIA_FINAL_2.0","PROGRAMAÇÃO VISUAL","PROGRAMAÇÃO VISUAL_SEMESTRE","PROGRAMAÇÃO VISUAL_APROVADO","PROGRAMAÇÃO VISUAL_REPROVADO","PROGRAMAÇÃO VISUAL_FALTAS","PROGRAMAÇÃO VISUAL_NOTA_1.0","PROGRAMAÇÃO VISUAL_NOTA_2.0","PROGRAMAÇÃO VISUAL_NOTA_3.0","PROGRAMAÇÃO VISUAL_MEDIA_FINAL_1.0","PROGRAMAÇÃO VISUAL_MEDIA_FINAL_2.0","MATEMÁTICA FINANCEIRA","MATEMÁTICA FINANCEIRA_SEMESTRE","MATEMÁTICA FINANCEIRA_APROVADO","MATEMÁTICA FINANCEIRA_REPROVADO","MATEMÁTICA FINANCEIRA_FALTAS","MATEMÁTICA FINANCEIRA_NOTA_1.0","MATEMÁTICA FINANCEIRA_NOTA_2.0","MATEMÁTICA FINANCEIRA_NOTA_3.0","MATEMÁTICA FINANCEIRA_MEDIA_FINAL_1.0","MATEMÁTICA FINANCEIRA_MEDIA_FINAL_2.0","SISTEMAS DE APOIO À DECISÃO","SISTEMAS DE APOIO À DECISÃO_SEMESTRE","SISTEMAS DE APOIO À DECISÃO_APROVADO","SISTEMAS DE APOIO À DECISÃO_REPROVADO","SISTEMAS DE APOIO À DECISÃO_FALTAS","SISTEMAS DE APOIO À DECISÃO_NOTA_1.0","SISTEMAS DE APOIO À DECISÃO_NOTA_2.0","SISTEMAS DE APOIO À DECISÃO_NOTA_3.0","SISTEMAS DE APOIO À DECISÃO_MEDIA_FINAL_1.0","SISTEMAS DE APOIO À DECISÃO_MEDIA_FINAL_2.0","ÉTICA","ÉTICA_SEMESTRE","ÉTICA_APROVADO","ÉTICA_REPROVADO","ÉTICA_FALTAS","ÉTICA_NOTA_1.0","ÉTICA_NOTA_2.0","ÉTICA_NOTA_3.0","ÉTICA_MEDIA_FINAL_1.0","ÉTICA_MEDIA_FINAL_2.0","tempo_relativo","status"
2019,1,0,1590,0.87,120.0,0.08,8,1.0,24.0,1.0,1.0,1.0,0.0,8.0,5.0,4.6,6.0,5.2,5.2,1.0,1.0,1.0,0.0,8.0,4.4,4.0,2.5,5.0,5.0,1.0,1.0,1.0,0.0,4.0,9.3,9.4,9.0,9.2,9.2,3.0,7.0,1.0,1.0,3.71,6.5,7.8,7.0,7.1,4.19,1.0,1.0,1.0,0.0,8.0,9.5,9.5,9.1,9.4,9.4,3.0,6.0,1.0,0.0,-2.71,-7.0,7.5,8.1,-7.0,0.89,1.0,2.0,0.0,1.0,0.0,0.4,1.0,3.4,1.6,1.6,1.0,2.0,1.0,0.0,2.0,9.5,8.0,8.7,8.7,8.7,1.0,6.0,1.0,0.0,0.0,5.0,6.0,3.0,6.3,6.3,1.0,7.0,1.0,0.0,0.0,6.0,9.0,9.5,8.2,8.2,0.0,0.0,0.0,0.0,0.0,0.0,0.0,0.0,0.0,0.0,1.0,6.0,1.0,0.0,0.0,9.1,6.0,8.0,7.7,7.7,1.0,6.0,1.0,0.0,12.0,10.0,9.8,10.0,9.9,9.9,1.0,7.0,1.0,0.0,0.0,10.0,10.0,10.0,10.0,10.0,1.0,8.0,1.0,0.0,16.0,8.0,5.7,7.0,6.9,6.9,1.0,6.0,1.0,0.0,6.0,10.0,5.0,10.0,8.3,8.3,1.0,8.0,1.0,0.0,18.0,6.4,8.0,7.6,7.3,7.3,1.0,8.0,1.0,0.0,17.0,5.2,8.7,7.1,7.0,7.0,1.0,8.0,1.0,0.0,0.0,7.1,5.0,10.0,7.4,7.4,0.0,0.0,0.0,0.0,0.0,0.0,0.0,0.0,0.0,0.0,0.0,0.0,0.0,0.0,0.0,0.0,0.0,0.0,0.0,0.0,0.0,0.0,0.0,0.0,0.0,0.0,0.0,0.0,0.0,0.0,0.0,0.0,0.0,0.0,0.0,0.0,0.0,0.0,0.0,0.0,0.0,0.0,0.0,0.0,0.0,0.0,0.0,0.0,0.0,0.0,0.0,0.0,0.0,0.0,0.0,0.0,0.0,0.0,0.0,0.0,0.0,0.0,0.0,0.0,0.0,0.0,0.0,0.0,0.0,0.0,1.0,6.0,1.0,0.0,14.0,8.0,9.0,10.0,9.0,9.0,0.0,0.0,0.0,0.0,0.0,0.0,0.0,0.0,0.0,0.0,1.0,5.0,1.0,0.0,8.0,10.0,9.0,8.9,9.3,9.3,1.0,1
2019,1,0,330,0.18,0.0,0.0,1,0.12,5.0,1.0,1.0,0.0,0.0,-2.0,-2.0,-2.0,-2.0,-2.0,-2.0,1.0,1.0,0.0,0.0,-2.0,-2.0,0.0,0.0,-2.0,-2.0,1.0,1.0,0.0,0.0,-2.0,-2.0,0.0,0.0,-2.0,-2.0,1.0,1.0,0.0,0.0,-2.0,-2.0,-2.0,-2.0,-2.0,-2.0,1.0,1.0,0.0,0.0,-2.0,-2.0,-2.0,-2.0,-2.0,-2.0,0.0,0.0,0.0,0.0,0.0,0.0,0.0,0.0,0.0,0.0,0.0,0.0,0.0,0.0,0.0,0.0,0.0,0.0,0.0,0.0,0.0,0.0,0.0,0.0,0.0,0.0,0.0,0.0,0.0,0.0,0.0,0.0,0.0,0.0,0.0,0.0,0.0,0.0,0.0,0.0,0.0,0.0,0.0,0.0,0.0,0.0,0.0,0.0,0.0,0.0,0.0,0.0,0.0,0.0,0.0,0.0,0.0,0.0,0.0,0.0,0.0,0.0,0.0,0.0,0.0,0.0,0.0,0.0,0.0,0.0,0.0,0.0,0.0,0.0,0.0,0.0,0.0,0.0,0.0,0.0,0.0,0.0,0.0,0.0,0.0,0.0,0.0,0.0,0.0,0.0,0.0,0.0,0.0,0.0,0.0,0.0,0.0,0.0,0.0,0.0,0.0,0.0,0.0,0.0,0.0,0.0,0.0,0.0,0.0,0.0,0.0,0.0,0.0,0.0,0.0,0.0,0.0,0.0,0.0,0.0,0.0,0.0,0.0,0.0,0.0,0.0,0.0,0.0,0.0,0.0,0.0,0.0,0.0,0.0,0.0,0.0,0.0,0.0,0.0,0.0,0.0,0.0,0.0,0.0,0.0,0.0,0.0,0.0,0.0,0.0,0.0,0.0,0.0,0.0,0.0,0.0,0.0,0.0,0.0,0.0,0.0,0.0,0.0,0.0,0.0,0.0,0.0,0.0,0.0,0.0,0.0,0.0,0.0,0.0,0.0,0.0,0.0,0.0,0.0,0.0,0.0,0.0,0.0,0.0,0.0,0.0,0.0,0.0,0.0,0.0,0.0,0.0,0.0,0.0,0.0,0.0,0.0,0.0,0.0,0.0,0.0,0.0,0.0,0.0,0.0,0.0,0.0,0.0,0.0,0.0,0.0,0.0,0.0,0.0,0.0,0.0,0.0,0.0,0.0,0.0,0.0,0.0,0.0,0.0,0.0,0.0,0.0,0.0,0.0,0.0,0.0,0.0,0.0,0.0,0.0,0.0,0.0,0.0,0.0,0.0,-0.12,-1
2019,1,0,1200,0.66,870.0,0.72,7,0.88,17.0,2.0,2.0,1.0,1.0,58.0,3.0,3.0,5.0,5.0,2.6,3.0,5.0,0.0,3.0,66.67,-1.0,-1.0,-1.0,-1.0,-1.0,2.0,4.0,0.0,2.0,24.0,-1.0,-1.0,-1.0,-1.0,-1.0,3.0,6.0,1.0,1.0,29.43,4.0,6.0,5.0,5.0,1.14,1.0,1.0,1.0,0.0,12.0,7.7,7.8,8.2,7.9,7.9,4.0,7.0,0.0,4.0,26.5,-1.0,-1.0,-1.0,-1.0,-0.22,0.0,0.0,0.0,0.0,0.0,0.0,0.0,0.0,0.0,0.0,0.0,0.0,0.0,0.0,0.0,0.0,0.0,0.0,0.0,0.0,0.0,0.0,0.0,0.0,0.0,0.0,0.0,0.0,0.0,0.0,0.0,0.0,0.0,0.0,0.0,0.0,0.0,0.0,0.0,0.0,0.0,0.0,0.0,0.0,0.0,0.0,0.0,0.0,0.0,0.0,0.0,0.0,0.0,0.0,0.0,0.0,0.0,0.0,0.0,0.0,0.0,0.0,0.0,0.0,0.0,0.0,0.0,0.0,0.0,0.0,0.0,0.0,0.0,0.0,0.0,0.0,0.0,0.0,0.0,0.0,0.0,0.0,0.0,0.0,0.0,0.0,0.0,0.0,0.0,0.0,0.0,0.0,0.0,0.0,0.0,0.0,0.0,0.0,0.0,0.0,0.0,0.0,0.0,0.0,0.0,0.0,0.0,0.0,0.0,0.0,0.0,0.0,0.0,0.0,0.0,0.0,0.0,0.0,0.0,0.0,0.0,0.0,0.0,0.0,0.0,0.0,0.0,0.0,0.0,0.0,0.0,0.0,0.0,0.0,0.0,0.0,0.0,0.0,0.0,0.0,0.0,0.0,0.0,0.0,0.0,0.0,0.0,0.0,0.0,0.0,0.0,0.0,0.0,0.0,0.0,0.0,0.0,0.0,0.0,0.0,0.0,0.0,0.0,0.0,0.0,0.0,0.0,0.0,0.0,0.0,0.0,0.0,0.0,0.0,0.0,0.0,0.0,0.0,0.0,0.0,0.0,0.0,0.0,0.0,0.0,0.0,0.0,0.0,0.0,0.0,0.0,0.0,0.0,0.0,0.0,0.0,0.0,0.0,0.0,0.0,1.0,6.0,0.0,1.0,62.0,-1.0,-1.0,-1.0,-1.0,-1.0,0.0,0.0,0.0,0.0,0.0,0.0,0.0,0.0,0.0,0.0,1.0,5.0,1.0,0.0,0.0,9.0,9.5,8.5,9.0,9.0,-0.88,-1
2019,1,0,330,0.18,330.0,1.0,1,0.12,5.0,1.0,1.0,0.0,1.0,82.0,4.5,-1.0,-1.0,1.5,1.5,1.0,1.0,0.0,1.0,66.0,-1.0,-1.0,-1.0,-1.0,-1.0,1.0,1.0,0.0,1.0,40.0,-1.0,-1.0,-1.0,-1.0,-1.0,1.0,1.0,0.0,1.0,66.0,-1.0,-1.0,-1.0,-1.0,-1.0,1.0,1.0,0.0,1.0,56.0,7.0,-1.0,-1.0,2.3,2.3,0.0,0.0,0.0,0.0,0.0,0.0,0.0,0.0,0.0,0.0,0.0,0.0,0.0,0.0,0.0,0.0,0.0,0.0,0.0,0.0,0.0,0.0,0.0,0.0,0.0,0.0,0.0,0.0,0.0,0.0,0.0,0.0,0.0,0.0,0.0,0.0,0.0,0.0,0.0,0.0,0.0,0.0,0.0,0.0,0.0,0.0,0.0,0.0,0.0,0.0,0.0,0.0,0.0,0.0,0.0,0.0,0.0,0.0,0.0,0.0,0.0,0.0,0.0,0.0,0.0,0.0,0.0,0.0,0.0,0.0,0.0,0.0,0.0,0.0,0.0,0.0,0.0,0.0,0.0,0.0,0.0,0.0,0.0,0.0,0.0,0.0,0.0,0.0,0.0,0.0,0.0,0.0,0.0,0.0,0.0,0.0,0.0,0.0,0.0,0.0,0.0,0.0,0.0,0.0,0.0,0.0,0.0,0.0,0.0,0.0,0.0,0.0,0.0,0.0,0.0,0.0,0.0,0.0,0.0,0.0,0.0,0.0,0.0,0.0,0.0,0.0,0.0,0.0,0.0,0.0,0.0,0.0,0.0,0.0,0.0,0.0,0.0,0.0,0.0,0.0,0.0,0.0,0.0,0.0,0.0,0.0,0.0,0.0,0.0,0.0,0.0,0.0,0.0,0.0,0.0,0.0,0.0,0.0,0.0,0.0,0.0,0.0,0.0,0.0,0.0,0.0,0.0,0.0,0.0,0.0,0.0,0.0,0.0,0.0,0.0,0.0,0.0,0.0,0.0,0.0,0.0,0.0,0.0,0.0,0.0,0.0,0.0,0.0,0.0,0.0,0.0,0.0,0.0,0.0,0.0,0.0,0.0,0.0,0.0,0.0,0.0,0.0,0.0,0.0,0.0,0.0,0.0,0.0,0.0,0.0,0.0,0.0,0.0,0.0,0.0,0.0,0.0,0.0,0.0,0.0,0.0,0.0,0.0,0.0,0.0,0.0,0.0,0.0,0.0,0.0,0.0,0.0,0.0,0.0,0.0,0.0,0.0,0.0,0.0,0.0,-0.12,-1
2019,1,0,330,0.18,330.0,1.0,1,0.12,5.0,1.0,1.0,0.0,1.0,40.0,6.1,1.0,-1.0,2.4,2.4,1.0,1.0,0.0,1.0,20.0,3.0,2.0,-1.0,1.7,1.7,1.0,1.0,0.0,1.0,4.0,1.7,0.4,-1.0,0.7,0.7,1.0,1.0,0.0,1.0,36.0,0.8,1.2,-1.0,0.7,0.7,1.0,1.0,0.0,1.0,10.0,8.0,-1.0,-1.0,2.7,2.7,0.0,0.0,0.0,0.0,0.0,0.0,0.0,0.0,0.0,0.0,0.0,0.0,0.0,0.0,0.0,0.0,0.0,0.0,0.0,0.0,0.0,0.0,0.0,0.0,0.0,0.0,0.0,0.0,0.0,0.0,0.0,0.0,0.0,0.0,0.0,0.0,0.0,0.0,0.0,0.0,0.0,0.0,0.0,0.0,0.0,0.0,0.0,0.0,0.0,0.0,0.0,0.0,0.0,0.0,0.0,0.0,0.0,0.0,0.0,0.0,0.0,0.0,0.0,0.0,0.0,0.0,0.0,0.0,0.0,0.0,0.0,0.0,0.0,0.0,0.0,0.0,0.0,0.0,0.0,0.0,0.0,0.0,0.0,0.0,0.0,0.0,0.0,0.0,0.0,0.0,0.0,0.0,0.0,0.0,0.0,0.0,0.0,0.0,0.0,0.0,0.0,0.0,0.0,0.0,0.0,0.0,0.0,0.0,0.0,0.0,0.0,0.0,0.0,0.0,0.0,0.0,0.0,0.0,0.0,0.0,0.0,0.0,0.0,0.0,0.0,0.0,0.0,0.0,0.0,0.0,0.0,0.0,0.0,0.0,0.0,0.0,0.0,0.0,0.0,0.0,0.0,0.0,0.0,0.0,0.0,0.0,0.0,0.0,0.0,0.0,0.0,0.0,0.0,0.0,0.0,0.0,0.0,0.0,0.0,0.0,0.0,0.0,0.0,0.0,0.0,0.0,0.0,0.0,0.0,0.0,0.0,0.0,0.0,0.0,0.0,0.0,0.0,0.0,0.0,0.0,0.0,0.0,0.0,0.0,0.0,0.0,0.0,0.0,0.0,0.0,0.0,0.0,0.0,0.0,0.0,0.0,0.0,0.0,0.0,0.0,0.0,0.0,0.0,0.0,0.0,0.0,0.0,0.0,0.0,0.0,0.0,0.0,0.0,0.0,0.0,0.0,0.0,0.0,0.0,0.0,0.0,0.0,0.0,0.0,0.0,0.0,0.0,0.0,0.0,0.0,0.0,0.0,0.0,0.0,0.0,0.0,0.0,0.0,0.0,0.0,-0.12,-1
2019,1,0,1650,0.9,240.0,0.15,9,1.12,26.0,1.0,1.0,1.0,0.0,10.0,8.0,7.9,9.5,8.5,8.5,1.0,1.0,1.0,0.0,8.0,7.3,8.0,6.4,7.2,7.2,0.0,0.0,0.0,0.0,0.0,0.0,0.0,0.0,0.0,0.0,1.0,1.0,1.0,0.0,8.0,7.4,6.9,3.5,5.9,5.9,1.0,1.0,1.0,0.0,2.0,8.6,9.5,9.4,9.2,9.2,1.0,2.0,1.0,0.0,12.0,7.9,6.6,7.5,7.3,7.3,0.0,0.0,0.0,0.0,0.0,0.0,0.0,0.0,0.0,0.0,1.0,2.0,1.0,0.0,10.0,8.0,8.0,8.0,8.0,8.0,1.0,5.0,1.0,0.0,0.0,5.0,5.0,5.0,5.0,5.0,1.0,6.0,1.0,0.0,2.0,8.0,8.5,8.0,8.2,8.2,0.0,0.0,0.0,0.0,0.0,0.0,0.0,0.0,0.0,0.0,1.0,5.0,1.0,0.0,8.0,8.0,3.3,8.0,6.4,6.4,1.0,6.0,1.0,0.0,2.0,10.0,9.5,10.0,9.8,9.8,1.0,4.0,1.0,0.0,0.0,9.0,9.0,9.0,9.0,9.0,1.0,6.0,1.0,0.0,8.0,10.0,8.3,10.0,9.4,9.4,0.0,0.0,0.0,0.0,0.0,0.0,0.0,0.0,0.0,0.0,1.0,4.0,1.0,0.0,16.0,6.7,8.1,8.9,7.9,7.9,1.0,4.0,1.0,0.0,18.0,8.5,8.0,9.3,8.6,8.6,1.0,5.0,1.0,0.0,6.0,5.0,9.0,8.7,7.6,7.6,1.0,5.0,1.0,0.0,16.0,8.0,7.1,6.2,7.1,7.1,1.0,5.0,1.0,0.0,16.0,7.3,8.7,8.7,8.2,8.2,2.0,7.0,1.0,1.0,27.0,4.8,4.4,7.1,5.4,3.65,1.0,6.0,1.0,0.0,16.0,5.5,7.0,5.7,6.1,6.1,0.0,0.0,0.0,0.0,0.0,0.0,0.0,0.0,0.0,0.0,0.0,0.0,0.0,0.0,0.0,0.0,0.0,0.0,0.0,0.0,2.0,8.0,1.0,1.0,0.0,3.8,6.9,5.0,5.2,3.65,1.0,2.0,1.0,0.0,10.0,3.2,3.3,8.5,5.0,5.0,2.0,8.0,0.0,2.0,62.0,2.1,-1.0,-1.0,0.7,1.45,1.0,6.0,1.0,0.0,0.0,9.8,10.0,10.0,9.9,9.9,1.12,1
2019,1,0,1260,0.69,330.0,0.26,7,0.88,19.0,1.0,1.0,1.0,0.0,10.0,8.5,3.8,7.3,6.5,6.5,2.0,2.0,1.0,1.0,11.5,3.0,3.3,6.8,5.6,4.95,1.0,1.0,1.0,0.0,0.0,3.0,3.0,8.9,5.0,5.0,1.0,1.0,0.0,1.0,8.0,2.5,1.2,-1.0,1.2,1.2,1.0,1.0,1.0,0.0,2.0,8.5,9.7,9.4,9.2,9.2,3.0,5.0,0.0,1.0,2.67,-2.0,-2.0,-2.0,-2.0,-1.07,1.0,2.0,0.0,1.0,0.0,0.5,-1.0,-1.0,0.2,0.2,1.0,5.0,1.0,0.0,0.0,8.7,7.7,7.4,7.9,7.9,0.0,0.0,0.0,0.0,0.0,0.0,0.0,0.0,0.0,0.0,0.0,0.0,0.0,0.0,0.0,0.0,0.0,0.0,0.0,0.0,1.0,6.0,0.0,0.0,-7.0,-7.0,-7.0,-7.0,-7.0,-7.0,1.0,5.0,1.0,0.0,8.0,10.0,1.0,9.0,7.4,7.4,1.0,6.0,1.0,0.0,4.0,10.0,9.4,10.0,9.8,9.8,0.0,0.0,0.0,0.0,0.0,0.0,0.0,0.0,0.0,0.0,1.0,6.0,0.0,0.0,-2.0,-2.0,0.0,0.0,-2.0,-2.0,2.0,5.0,0.0,1.0,16.0,-2.0,-1.0,-1.0,-2.0,-0.28,0.0,0.0,0.0,0.0,0.0,0.0,0.0,0.0,0.0,0.0,0.0,0.0,0.0,0.0,0.0,0.0,0.0,0.0,0.0,0.0,0.0,0.0,0.0,0.0,0.0,0.0,0.0,0.0,0.0,0.0,0.0,0.0,0.0,0.0,0.0,0.0,0.0,0.0,0.0,0.0,0.0,0.0,0.0,0.0,0.0,0.0,0.0,0.0,0.0,0.0,0.0,0.0,0.0,0.0,0.0,0.0,0.0,0.0,0.0,0.0,0.0,0.0,0.0,0.0,0.0,0.0,0.0,0.0,0.0,0.0,0.0,0.0,0.0,0.0,0.0,0.0,0.0,0.0,0.0,0.0,0.0,0.0,0.0,0.0,0.0,0.0,0.0,0.0,0.0,0.0,0.0,0.0,0.0,0.0,0.0,0.0,0.0,0.0,0.0,0.0,1.0,6.0,1.0,0.0,8.0,3.0,3.5,8.6,5.0,5.0,0.0,0.0,0.0,0.0,0.0,0.0,0.0,0.0,0.0,0.0,1.0,4.0,1.0,0.0,0.0,9.5,9.0,9.0,9.2,9.2,-0.88,-1
2019,0,1,1500,0.82,840.0,0.56,7,0.88,22.0,1.0,1.0,1.0,0.0,12.0,4.3,5.4,10.0,6.6,6.6,1.0,1.0,1.0,0.0,8.0,4.0,4.0,4.0,5.0,5.0,1.0,1.0,1.0,0.0,6.0,7.6,8.4,9.5,8.5,8.5,1.0,1.0,1.0,0.0,0.0,7.5,4.9,4.4,5.6,5.6,1.0,1.0,1.0,0.0,0.0,9.5,9.5,9.4,9.5,9.5,1.0,2.0,1.0,0.0,10.0,8.2,4.5,6.8,6.5,6.5,1.0,2.0,1.0,0.0,0.0,3.5,3.5,3.0,5.0,5.0,1.0,2.0,1.0,0.0,2.0,9.5,8.0,8.7,8.7,8.7,2.0,6.0,0.0,2.0,30.0,-1.0,-1.0,-1.0,-1.0,-1.0,4.0,7.0,0.0,4.0,44.0,-1.0,-1.0,-1.0,-1.0,-1.0,1.0,6.0,0.0,1.0,54.0,0.4,-1.0,-1.0,0.1,0.1,1.0,6.0,1.0,0.0,0.0,7.9,5.1,7.0,6.7,6.7,1.0,6.0,1.0,0.0,0.0,10.0,8.6,7.5,8.7,8.7,0.0,0.0,0.0,0.0,0.0,0.0,0.0,0.0,0.0,0.0,0.0,0.0,0.0,0.0,0.0,0.0,0.0,0.0,0.0,0.0,3.0,6.0,0.0,3.0,44.0,-1.0,-1.0,-1.0,-1.0,-1.0,1.0,4.0,0.0,1.0,52.0,4.3,6.0,-1.0,3.4,3.4,0.0,0.0,0.0,0.0,0.0,0.0,0.0,0.0,0.0,0.0,0.0,0.0,0.0,0.0,0.0,0.0,0.0,0.0,0.0,0.0,0.0,0.0,0.0,0.0,0.0,0.0,0.0,0.0,0.0,0.0,0.0,0.0,0.0,0.0,0.0,0.0,0.0,0.0,0.0,0.0,0.0,0.0,0.0,0.0,0.0,0.0,0.0,0.0,0.0,0.0,0.0,0.0,0.0,0.0,0.0,0.0,0.0,0.0,0.0,0.0,0.0,0.0,0.0,0.0,0.0,0.0,0.0,0.0,0.0,0.0,0.0,0.0,0.0,0.0,0.0,0.0,0.0,0.0,0.0,0.0,0.0,0.0,0.0,0.0,0.0,0.0,0.0,0.0,0.0,0.0,0.0,0.0,0.0,0.0,0.0,0.0,0.0,0.0,0.0,0.0,0.0,0.0,0.0,0.0,0.0,0.0,0.0,0.0,0.0,0.0,1.0,4.0,0.0,1.0,0.0,-1.0,-1.0,-1.0,-1.0,-1.0,-0.88,-1
2019,0,1,1140,0.62,180.0,0.16,7,0.88,18.0,1.0,1.0,0.0,0.0,-7.0,-7.0,-7.0,-7.0,-7.0,-7.0,1.0,1.0,0.0,0.0,-7.0,-7.0,0.0,0.0,-7.0,-7.0,5.0,8.0,1.0,2.0,4.6,5.0,5.0,5.0,5.0,0.74,1.0,1.0,0.0,0.0,-7.0,-7.0,0.0,0.0,-7.0,-7.0,1.0,1.0,0.0,0.0,-7.0,-7.0,0.0,0.0,-7.0,-7.0,0.0,0.0,0.0,0.0,0.0,0.0,0.0,0.0,0.0,0.0,0.0,0.0,0.0,0.0,0.0,0.0,0.0,0.0,0.0,0.0,0.0,0.0,0.0,0.0,0.0,0.0,0.0,0.0,0.0,0.0,0.0,0.0,0.0,0.0,0.0,0.0,0.0,0.0,0.0,0.0,1.0,1.0,1.0,0.0,22.0,4.8,2.8,2.0,5.0,5.0,0.0,0.0,0.0,0.0,0.0,0.0,0.0,0.0,0.0,0.0,0.0,0.0,0.0,0.0,0.0,0.0,0.0,0.0,0.0,0.0,0.0,0.0,0.0,0.0,0.0,0.0,0.0,0.0,0.0,0.0,0.0,0.0,0.0,0.0,0.0,0.0,0.0,0.0,0.0,0.0,0.0,0.0,0.0,0.0,0.0,0.0,0.0,0.0,0.0,0.0,2.0,7.0,0.0,0.0,-2.0,-2.0,-2.0,-2.0,-2.0,-2.0,0.0,0.0,0.0,0.0,0.0,0.0,0.0,0.0,0.0,0.0,0.0,0.0,0.0,0.0,0.0,0.0,0.0,0.0,0.0,0.0,1.0,2.0,1.0,0.0,6.0,3.0,5.0,7.0,5.0,5.0,3.0,7.0,0.0,1.0,4.0,-2.0,-2.0,-2.0,-2.0,-1.03,0.0,0.0,0.0,0.0,0.0,0.0,0.0,0.0,0.0,0.0,0.0,0.0,0.0,0.0,0.0,0.0,0.0,0.0,0.0,0.0,0.0,0.0,0.0,0.0,0.0,0.0,0.0,0.0,0.0,0.0,0.0,0.0,0.0,0.0,0.0,0.0,0.0,0.0,0.0,0.0,0.0,0.0,0.0,0.0,0.0,0.0,0.0,0.0,0.0,0.0,1.0,6.0,1.0,0.0,8.0,8.5,9.7,9.8,9.3,9.3,1.0,6.0,1.0,0.0,14.0,3.5,7.5,10.0,7.0,7.0,0.0,0.0,0.0,0.0,0.0,0.0,0.0,0.0,0.0,0.0,0.0,0.0,0.0,0.0,0.0,0.0,0.0,0.0,0.0,0.0,0.88,1
2019,0,1,1050,0.57,450.0,0.43,5,0.62,16.0,3.0,5.0,0.0,1.0,5.33,-2.0,-2.0,-2.0,-2.0,-1.2,2.0,5.0,0.0,1.0,16.0,-2.0,1.0,-1.0,-2.0,-0.28,1.0,1.0,1.0,0.0,2.0,2.2,1.3,10.0,6.1,6.1,2.0,5.0,0.0,1.0,5.5,-2.0,3.9,0.5,-2.0,2.65,1.0,1.0,1.0,0.0,4.0,9.5,9.3,4.3,7.7,7.7,0.0,0.0,0.0,0.0,0.0,0.0,0.0,0.0,0.0,0.0,2.0,4.0,0.0,2.0,0.0,-1.0,-1.0,-1.0,-1.0,-0.45,1.0,2.0,1.0,0.0,4.0,9.0,8.5,5.3,7.6,7.6,0.0,0.0,0.0,0.0,0.0,0.0,0.0,0.0,0.0,0.0,0.0,0.0,0.0,0.0,0.0,0.0,0.0,0.0,0.0,0.0,1.0,6.0,0.0,1.0,56.0,-1.0,-1.0,-1.0,-1.0,-1.0,1.0,6.0,0.0,1.0,52.0,1.2,-1.0,-1.0,0.4,0.4,1.0,6.0,1.0,0.0,14.0,8.8,8.8,9.0,8.9,8.9,0.0,0.0,0.0,0.0,0.0,0.0,0.0,0.0,0.0,0.0,0.0,0.0,0.0,0.0,0.0,0.0,0.0,0.0,0.0,0.0,0.0,0.0,0.0,0.0,0.0,0.0,0.0,0.0,0.0,0.0,0.0,0.0,0.0,0.0,0.0,0.0,0.0,0.0,0.0,0.0,0.0,0.0,0.0,0.0,0.0,0.0,0.0,0.0,0.0,0.0,0.0,0.0,0.0,0.0,0.0,0.0,0.0,0.0,0.0,0.0,0.0,0.0,0.0,0.0,0.0,0.0,0.0,0.0,0.0,0.0,0.0,0.0,0.0,0.0,0.0,0.0,0.0,0.0,0.0,0.0,0.0,0.0,0.0,0.0,0.0,0.0,0.0,0.0,0.0,0.0,0.0,0.0,0.0,0.0,0.0,0.0,0.0,0.0,0.0,0.0,0.0,0.0,0.0,0.0,0.0,0.0,0.0,0.0,0.0,0.0,0.0,0.0,0.0,0.0,0.0,0.0,0.0,0.0,0.0,0.0,0.0,0.0,0.0,0.0,0.0,0.0,0.0,0.0,0.0,0.0,0.0,0.0,0.0,0.0,0.0,0.0,0.0,0.0,0.0,0.0,0.0,0.0,0.0,0.0,0.0,0.0,0.0,0.0,0.0,0.0,1.0,4.0,1.0,0.0,0.0,9.5,9.0,-1.0,8.8,8.8,-0.62,-1
2019,1,0,1290,0.7,120.0,0.09,4,0.5,19.0,2.0,1.0,1.0,0.0,3.5,8.2,4.3,7.5,6.7,-0.15,2.0,1.0,1.0,0.0,4.25,4.7,8.0,5.5,6.1,2.82,2.0,1.0,1.0,0.0,2.75,-7.0,8.0,9.5,-7.0,4.18,2.0,1.0,1.0,0.0,-0.25,-7.0,6.2,3.5,-7.0,2.07,2.0,1.0,1.0,0.0,1.25,-7.0,9.8,9.4,-7.0,5.45,1.0,2.0,1.0,0.0,10.0,7.5,5.8,8.0,7.1,7.1,1.0,2.0,0.0,1.0,0.0,2.0,4.0,-1.0,2.0,2.0,1.0,2.0,1.0,0.0,6.0,9.5,8.0,8.7,8.7,8.7,1.0,6.0,0.0,0.0,-4.0,-4.0,0.0,0.0,-4.0,-4.0,2.0,6.0,0.0,0.0,-2.5,-4.0,-2.0,-2.0,-4.0,-2.5,1.0,2.0,1.0,0.0,0.0,8.2,6.0,4.0,6.1,6.1,1.0,6.0,0.0,1.0,54.0,-1.0,-1.0,3.2,1.1,1.1,1.0,6.0,0.0,0.0,-4.0,-4.0,-4.0,-4.0,-4.0,-4.0,0.0,0.0,0.0,0.0,0.0,0.0,0.0,0.0,0.0,0.0,0.0,0.0,0.0,0.0,0.0,0.0,0.0,0.0,0.0,0.0,0.0,0.0,0.0,0.0,0.0,0.0,0.0,0.0,0.0,0.0,0.0,0.0,0.0,0.0,0.0,0.0,0.0,0.0,0.0,0.0,0.0,0.0,0.0,0.0,0.0,0.0,0.0,0.0,0.0,0.0,0.0,0.0,0.0,0.0,0.0,0.0,0.0,0.0,0.0,0.0,0.0,0.0,0.0,0.0,0.0,0.0,0.0,0.0,0.0,0.0,0.0,0.0,0.0,0.0,0.0,0.0,0.0,0.0,0.0,0.0,0.0,0.0,0.0,0.0,0.0,0.0,0.0,0.0,0.0,0.0,0.0,0.0,0.0,0.0,0.0,0.0,0.0,0.0,0.0,0.0,0.0,0.0,0.0,0.0,0.0,0.0,0.0,0.0,0.0,0.0,0.0,0.0,0.0,0.0,0.0,0.0,0.0,0.0,0.0,0.0,0.0,0.0,0.0,0.0,0.0,0.0,0.0,0.0,0.0,0.0,0.0,0.0,0.0,0.0,0.0,0.0,0.0,0.0,0.0,0.0,0.0,0.0,0.0,0.0,0.0,0.0,0.0,0.0,0.0,0.0,0.0,0.0,0.0,0.0,0.0,0.0,0.0,0.0,0.0,0.0,-0.5,-1
2019,1,0,2070,1.13,420.0,0.2,9,1.12,32.0,1.0,1.0,1.0,0.0,6.0,8.3,5.1,8.0,7.1,7.1,2.0,2.0,1.0,1.0,1.0,5.8,7.5,8.0,7.1,5.6,1.0,1.0,1.0,0.0,2.0,6.6,6.6,9.0,7.4,7.4,1.0,1.0,1.0,0.0,0.0,6.9,5.6,2.1,6.1,6.1,1.0,1.0,1.0,0.0,2.0,9.5,9.6,9.3,9.5,9.5,1.0,2.0,1.0,0.0,14.0,8.6,5.3,9.5,7.8,7.8,1.0,2.0,0.0,1.0,0.0,2.0,2.0,-1.0,1.3,1.3,1.0,5.0,1.0,0.0,4.0,10.0,7.8,9.9,9.2,9.2,1.0,5.0,1.0,0.0,0.0,6.0,6.0,6.0,6.0,6.0,3.0,5.0,1.0,0.0,-2.2,6.3,8.0,5.0,6.4,1.64,2.0,7.0,0.0,1.0,-3.5,-1.0,-1.0,-1.0,-1.0,-4.0,1.0,5.0,1.0,0.0,2.0,9.7,6.1,9.0,8.3,8.3,1.0,6.0,1.0,0.0,4.0,8.8,9.5,10.0,9.4,9.4,1.0,4.0,1.0,0.0,0.0,7.0,7.0,7.0,7.0,7.0,1.0,6.0,1.0,0.0,16.0,8.8,8.3,10.0,9.0,9.0,1.0,4.0,1.0,0.0,8.0,5.0,5.0,10.0,6.7,6.7,1.0,4.0,1.0,0.0,6.0,6.6,7.9,9.1,7.9,7.9,1.0,4.0,1.0,0.0,11.0,9.0,7.8,8.5,8.4,8.4,1.0,5.0,1.0,0.0,10.0,9.0,9.0,3.0,7.0,7.0,1.0,7.0,1.0,0.0,16.0,4.3,5.1,4.8,5.7,5.7,1.0,7.0,0.0,1.0,38.0,4.0,-1.0,-1.0,1.3,1.3,2.0,7.0,1.0,1.0,22.0,8.0,5.5,6.6,6.7,5.3,2.0,8.0,1.0,1.0,16.0,6.1,3.2,0.8,5.0,3.45,1.0,8.0,0.0,1.0,40.0,-1.0,-1.0,-1.0,-1.0,-1.0,1.0,8.0,1.0,0.0,18.0,10.0,10.0,9.5,9.8,9.8,0.0,0.0,0.0,0.0,0.0,0.0,0.0,0.0,0.0,0.0,0.0,0.0,0.0,0.0,0.0,0.0,0.0,0.0,0.0,0.0,0.0,0.0,0.0,0.0,0.0,0.0,0.0,0.0,0.0,0.0,1.0,6.0,1.0,0.0,0.0,10.0,10.0,9.5,9.8,9.8,1.12,1
2019,0,1,1830,1.0,330.0,0.18,9,1.12,28.0,1.0,1.0,1.0,0.0,20.0,6.0,3.6,2.5,5.2,5.2,2.0,2.0,1.0,1.0,12.5,3.7,6.5,9.2,6.5,4.7,1.0,1.0,1.0,0.0,10.0,5.1,3.0,8.5,5.5,5.5,1.0,1.0,1.0,0.0,12.0,4.9,4.5,4.2,5.0,5.0,1.0,1.0,1.0,0.0,10.0,5.3,8.9,9.0,7.7,7.7,3.0,6.0,1.0,1.0,10.67,7.8,-1.0,-1.0,2.6,2.33,1.0,2.0,1.0,0.0,0.0,4.0,5.0,4.0,5.0,5.0,1.0,5.0,1.0,0.0,4.0,5.0,8.4,9.2,7.5,7.5,2.0,6.0,1.0,1.0,12.0,5.0,4.0,6.7,5.2,2.1,1.0,7.0,1.0,0.0,0.0,5.0,5.0,7.8,5.9,5.9,2.0,5.0,0.0,1.0,-1.75,-1.0,-1.0,-1.0,-1.0,-2.5,1.0,5.0,1.0,0.0,2.0,9.8,6.0,9.5,8.4,8.4,1.0,6.0,1.0,0.0,0.0,8.8,9.8,10.0,9.5,9.5,1.0,7.0,1.0,0.0,0.0,9.3,10.0,7.4,8.9,8.9,3.0,8.0,1.0,1.0,14.0,5.0,7.2,6.0,6.1,3.67,1.0,4.0,1.0,0.0,10.0,6.0,3.0,9.0,6.0,6.0,1.0,8.0,1.0,0.0,18.0,6.7,6.1,7.5,6.8,6.8,1.0,8.0,1.0,0.0,17.0,6.0,7.5,7.6,7.0,7.0,1.0,8.0,1.0,0.0,0.0,3.7,6.2,10.0,6.6,6.6,0.0,0.0,0.0,0.0,0.0,0.0,0.0,0.0,0.0,0.0,0.0,0.0,0.0,0.0,0.0,0.0,0.0,0.0,0.0,0.0,0.0,0.0,0.0,0.0,0.0,0.0,0.0,0.0,0.0,0.0,0.0,0.0,0.0,0.0,0.0,0.0,0.0,0.0,0.0,0.0,0.0,0.0,0.0,0.0,0.0,0.0,0.0,0.0,0.0,0.0,0.0,0.0,0.0,0.0,0.0,0.0,0.0,0.0,0.0,0.0,0.0,0.0,0.0,0.0,0.0,0.0,0.0,0.0,0.0,0.0,1.0,6.0,1.0,0.0,12.0,4.5,7.5,8.9,7.0,7.0,0.0,0.0,0.0,0.0,0.0,0.0,0.0,0.0,0.0,0.0,1.0,6.0,1.0,0.0,0.0,8.0,9.6,8.8,8.8,8.8,1.12,1
2019,1,0,1500,0.82,420.0,0.28,7,0.88,24.0,1.0,1.0,0.0,0.0,-7.0,-7.0,0.0,0.0,-7.0,-7.0,1.0,1.0,0.0,0.0,-7.0,-7.0,0.0,0.0,-7.0,-7.0,1.0,1.0,0.0,0.0,-7.0,-7.0,0.0,0.0,-7.0,-7.0,1.0,1.0,0.0,0.0,-7.0,-7.0,0.0,0.0,-7.0,-7.0,1.0,1.0,0.0,0.0,-7.0,-7.0,0.0,0.0,-7.0,-7.0,1.0,1.0,1.0,0.0,18.0,3.9,1.0,4.0,5.0,5.0,0.0,0.0,0.0,0.0,0.0,0.0,0.0,0.0,0.0,0.0,0.0,0.0,0.0,0.0,0.0,0.0,0.0,0.0,0.0,0.0,1.0,2.0,1.0,0.0,18.0,7.9,4.5,-1.0,5.5,5.5,0.0,0.0,0.0,0.0,0.0,0.0,0.0,0.0,0.0,0.0,3.0,7.0,0.0,2.0,4.0,-1.0,-1.0,-1.0,-1.0,-1.27,1.0,1.0,1.0,0.0,12.0,6.7,4.1,5.3,5.4,5.4,0.0,0.0,0.0,0.0,0.0,0.0,0.0,0.0,0.0,0.0,1.0,6.0,1.0,0.0,14.0,8.1,6.0,3.0,5.7,5.7,3.0,8.0,0.0,2.0,37.14,0.5,-1.0,-1.0,0.2,-0.36,1.0,2.0,1.0,0.0,14.0,4.0,3.0,7.0,6.0,6.0,4.0,8.0,1.0,2.0,24.5,4.8,5.1,4.8,6.0,2.07,1.0,6.0,0.0,0.0,-2.0,-2.0,-2.0,-2.0,-2.0,-2.0,1.0,7.0,0.0,1.0,36.0,-1.0,-1.0,-1.0,-1.0,-1.0,0.0,0.0,0.0,0.0,0.0,0.0,0.0,0.0,0.0,0.0,0.0,0.0,0.0,0.0,0.0,0.0,0.0,0.0,0.0,0.0,0.0,0.0,0.0,0.0,0.0,0.0,0.0,0.0,0.0,0.0,0.0,0.0,0.0,0.0,0.0,0.0,0.0,0.0,0.0,0.0,0.0,0.0,0.0,0.0,0.0,0.0,0.0,0.0,0.0,0.0,0.0,0.0,0.0,0.0,0.0,0.0,0.0,0.0,0.0,0.0,0.0,0.0,0.0,0.0,0.0,0.0,0.0,0.0,0.0,0.0,1.0,1.0,1.0,0.0,0.0,5.3,5.5,6.0,5.6,5.6,0.0,0.0,0.0,0.0,0.0,0.0,0.0,0.0,0.0,0.0,1.0,4.0,1.0,0.0,0.0,9.0,9.0,8.5,8.8,8.8,0.88,1
2019,1,0,870,0.48,390.0,0.45,3,0.38,13.0,1.0,1.0,1.0,0.0,2.0,7.7,7.2,10.0,8.3,8.3,1.0,1.0,1.0,0.0,4.0,8.7,7.3,5.7,7.2,7.2,1.0,1.0,1.0,0.0,0.0,6.5,5.8,10.0,7.4,7.4,1.0,1.0,1.0,0.0,0.0,6.7,7.2,3.6,5.8,5.8,1.0,1.0,1.0,0.0,2.0,9.6,9.2,8.0,8.9,8.9,1.0,2.0,1.0,0.0,10.0,7.8,6.8,7.5,7.4,7.4,1.0,2.0,0.0,1.0,0.0,2.3,-1.0,-1.0,0.8,0.8,1.0,2.0,1.0,0.0,4.0,10.0,8.0,7.9,8.6,8.6,1.0,6.0,0.0,1.0,4.0,-1.0,-1.0,-1.0,-1.0,-1.0,1.0,6.0,0.0,1.0,92.0,-1.0,-1.0,-1.0,-1.0,-1.0,1.0,6.0,0.0,1.0,52.0,-1.0,-1.0,-1.0,-1.0,-1.0,1.0,6.0,0.0,1.0,54.0,-1.0,-1.0,-1.0,-1.0,-1.0,1.0,6.0,0.0,1.0,54.0,-1.0,-1.0,-1.0,-1.0,-1.0,0.0,0.0,0.0,0.0,0.0,0.0,0.0,0.0,0.0,0.0,0.0,0.0,0.0,0.0,0.0,0.0,0.0,0.0,0.0,0.0,0.0,0.0,0.0,0.0,0.0,0.0,0.0,0.0,0.0,0.0,0.0,0.0,0.0,0.0,0.0,0.0,0.0,0.0,0.0,0.0,0.0,0.0,0.0,0.0,0.0,0.0,0.0,0.0,0.0,0.0,0.0,0.0,0.0,0.0,0.0,0.0,0.0,0.0,0.0,0.0,0.0,0.0,0.0,0.0,0.0,0.0,0.0,0.0,0.0,0.0,0.0,0.0,0.0,0.0,0.0,0.0,0.0,0.0,0.0,0.0,0.0,0.0,0.0,0.0,0.0,0.0,0.0,0.0,0.0,0.0,0.0,0.0,0.0,0.0,0.0,0.0,0.0,0.0,0.0,0.0,0.0,0.0,0.0,0.0,0.0,0.0,0.0,0.0,0.0,0.0,0.0,0.0,0.0,0.0,0.0,0.0,0.0,0.0,0.0,0.0,0.0,0.0,0.0,0.0,0.0,0.0,0.0,0.0,0.0,0.0,0.0,0.0,0.0,0.0,0.0,0.0,0.0,0.0,0.0,0.0,0.0,0.0,0.0,0.0,0.0,0.0,0.0,0.0,0.0,0.0,0.0,0.0,0.0,0.0,0.0,0.0,0.0,0.0,0.0,0.0,-0.38,-1
2019,1,0,990,0.54,180.0,0.18,4,0.5,15.0,1.0,1.0,1.0,0.0,12.0,7.1,2.5,7.3,5.8,5.8,2.0,2.0,1.0,1.0,7.0,7.2,1.9,2.7,5.2,3.4,1.0,1.0,1.0,0.0,0.0,4.6,3.8,9.0,5.8,5.8,2.0,5.0,1.0,1.0,3.0,5.0,9.0,6.7,6.9,5.75,1.0,1.0,1.0,0.0,4.0,10.0,9.4,9.0,9.5,9.5,1.0,2.0,1.0,0.0,10.0,7.5,1.5,-1.0,5.0,5.0,1.0,2.0,0.0,1.0,0.0,6.0,2.0,2.0,3.3,3.3,1.0,5.0,1.0,0.0,4.0,9.7,8.9,7.5,8.7,8.7,1.0,6.0,0.0,0.0,-4.0,-4.0,0.0,0.0,-4.0,-4.0,1.0,6.0,0.0,0.0,-4.0,-4.0,0.0,0.0,-4.0,-4.0,1.0,6.0,0.0,0.0,-4.0,-4.0,-4.0,-4.0,-4.0,-4.0,1.0,6.0,0.0,0.0,-4.0,-4.0,-4.0,-4.0,-4.0,-4.0,1.0,6.0,1.0,0.0,6.0,10.0,9.4,10.0,9.8,9.8,0.0,0.0,0.0,0.0,0.0,0.0,0.0,0.0,0.0,0.0,0.0,0.0,0.0,0.0,0.0,0.0,0.0,0.0,0.0,0.0,0.0,0.0,0.0,0.0,0.0,0.0,0.0,0.0,0.0,0.0,0.0,0.0,0.0,0.0,0.0,0.0,0.0,0.0,0.0,0.0,0.0,0.0,0.0,0.0,0.0,0.0,0.0,0.0,0.0,0.0,0.0,0.0,0.0,0.0,0.0,0.0,0.0,0.0,0.0,0.0,0.0,0.0,0.0,0.0,0.0,0.0,0.0,0.0,0.0,0.0,0.0,0.0,0.0,0.0,0.0,0.0,0.0,0.0,0.0,0.0,0.0,0.0,0.0,0.0,0.0,0.0,0.0,0.0,0.0,0.0,0.0,0.0,0.0,0.0,0.0,0.0,0.0,0.0,0.0,0.0,0.0,0.0,0.0,0.0,0.0,0.0,0.0,0.0,0.0,0.0,0.0,0.0,0.0,0.0,0.0,0.0,0.0,0.0,0.0,0.0,0.0,0.0,0.0,0.0,0.0,0.0,0.0,0.0,0.0,0.0,0.0,0.0,0.0,0.0,0.0,0.0,0.0,0.0,0.0,0.0,0.0,0.0,0.0,0.0,0.0,0.0,0.0,0.0,0.0,0.0,0.0,0.0,0.0,0.0,0.0,0.0,0.0,0.0,0.0,0.0,-0.5,-1
2019,0,1,720,0.39,330.0,0.46,3,0.38,11.0,1.0,1.0,1.0,0.0,6.0,4.8,3.6,6.8,5.1,5.1,1.0,1.0,0.0,1.0,4.0,1.5,4.8,3.5,3.6,3.6,1.0,1.0,1.0,0.0,2.0,7.1,4.3,10.0,7.1,7.1,1.0,1.0,1.0,0.0,0.0,6.6,6.1,3.0,5.2,5.2,1.0,1.0,1.0,0.0,4.0,9.3,9.4,7.4,8.7,8.7,1.0,2.0,0.0,1.0,30.0,3.2,-1.0,-1.0,1.1,1.1,1.0,2.0,1.0,0.0,0.0,3.5,3.5,3.0,5.0,5.0,1.0,2.0,1.0,0.0,4.0,10.0,8.0,7.9,8.6,8.6,0.0,0.0,0.0,0.0,0.0,0.0,0.0,0.0,0.0,0.0,0.0,0.0,0.0,0.0,0.0,0.0,0.0,0.0,0.0,0.0,1.0,6.0,0.0,1.0,58.0,-1.0,-1.0,-1.0,-1.0,-1.0,1.0,6.0,0.0,1.0,58.0,-1.0,-1.0,-1.0,-1.0,-1.0,1.0,6.0,0.0,1.0,60.0,-1.0,-1.0,-1.0,-1.0,-1.0,0.0,0.0,0.0,0.0,0.0,0.0,0.0,0.0,0.0,0.0,0.0,0.0,0.0,0.0,0.0,0.0,0.0,0.0,0.0,0.0,0.0,0.0,0.0,0.0,0.0,0.0,0.0,0.0,0.0,0.0,0.0,0.0,0.0,0.0,0.0,0.0,0.0,0.0,0.0,0.0,0.0,0.0,0.0,0.0,0.0,0.0,0.0,0.0,0.0,0.0,0.0,0.0,0.0,0.0,0.0,0.0,0.0,0.0,0.0,0.0,0.0,0.0,0.0,0.0,0.0,0.0,0.0,0.0,0.0,0.0,0.0,0.0,0.0,0.0,0.0,0.0,0.0,0.0,0.0,0.0,0.0,0.0,0.0,0.0,0.0,0.0,0.0,0.0,0.0,0.0,0.0,0.0,0.0,0.0,0.0,0.0,0.0,0.0,0.0,0.0,0.0,0.0,0.0,0.0,0.0,0.0,0.0,0.0,0.0,0.0,0.0,0.0,0.0,0.0,0.0,0.0,0.0,0.0,0.0,0.0,0.0,0.0,0.0,0.0,0.0,0.0,0.0,0.0,0.0,0.0,0.0,0.0,0.0,0.0,0.0,0.0,0.0,0.0,0.0,0.0,0.0,0.0,0.0,0.0,0.0,0.0,0.0,0.0,0.0,0.0,0.0,0.0,0.0,0.0,0.0,0.0,0.0,0.0,0.0,0.0,-0.38,-1
2019,0,1,1410,0.77,390.0,0.28,9,1.12,22.0,1.0,1.0,1.0,0.0,14.0,6.8,3.9,7.0,5.9,5.9,1.0,1.0,0.0,1.0,14.0,0.7,-1.0,-1.0,0.2,0.2,1.0,1.0,1.0,0.0,8.0,3.0,4.4,9.0,5.5,5.5,2.0,5.0,1.0,1.0,10.0,4.0,10.0,4.7,6.2,5.1,1.0,1.0,1.0,0.0,4.0,8.5,9.6,10.0,9.4,9.4,2.0,4.0,1.0,1.0,16.0,8.8,5.0,5.0,6.3,4.0,2.0,4.0,1.0,1.0,0.0,6.0,3.0,6.0,5.0,2.0,1.0,2.0,1.0,0.0,4.0,9.0,8.5,5.3,7.6,7.6,3.0,7.0,1.0,2.0,4.0,5.0,5.0,6.3,5.4,4.63,0.0,0.0,0.0,0.0,0.0,0.0,0.0,0.0,0.0,0.0,1.0,6.0,1.0,0.0,2.0,8.0,8.5,6.0,7.5,7.5,1.0,5.0,1.0,0.0,2.0,10.0,1.2,7.8,7.7,7.7,1.0,6.0,1.0,0.0,2.0,9.4,8.8,9.0,9.1,9.1,1.0,8.0,1.0,0.0,16.0,5.1,3.0,6.8,5.0,5.0,0.0,0.0,0.0,0.0,0.0,0.0,0.0,0.0,0.0,0.0,1.0,5.0,1.0,0.0,6.0,9.0,4.0,8.5,7.2,7.2,1.0,6.0,1.0,0.0,16.0,5.7,7.3,4.5,5.8,5.8,1.0,8.0,1.0,0.0,17.0,6.6,4.9,4.8,5.4,5.4,0.0,0.0,0.0,0.0,0.0,0.0,0.0,0.0,0.0,0.0,0.0,0.0,0.0,0.0,0.0,0.0,0.0,0.0,0.0,0.0,0.0,0.0,0.0,0.0,0.0,0.0,0.0,0.0,0.0,0.0,0.0,0.0,0.0,0.0,0.0,0.0,0.0,0.0,0.0,0.0,0.0,0.0,0.0,0.0,0.0,0.0,0.0,0.0,0.0,0.0,0.0,0.0,0.0,0.0,0.0,0.0,0.0,0.0,0.0,0.0,0.0,0.0,0.0,0.0,0.0,0.0,0.0,0.0,0.0,0.0,0.0,0.0,0.0,0.0,0.0,0.0,0.0,0.0,0.0,0.0,0.0,0.0,0.0,0.0,0.0,0.0,0.0,0.0,0.0,0.0,0.0,0.0,0.0,0.0,0.0,0.0,0.0,0.0,0.0,0.0,1.0,6.0,1.0,0.0,10.0,7.3,9.6,8.5,8.5,8.5,1.12,1
2019,1,0,1800,0.98,270.0,0.15,8,1.0,28.0,1.0,1.0,1.0,0.0,14.0,5.9,5.6,5.0,5.5,5.5,1.0,1.0,1.0,0.0,6.0,4.0,5.8,5.5,5.1,5.1,1.0,1.0,1.0,0.0,0.0,4.3,3.0,8.5,5.3,5.3,1.0,1.0,1.0,0.0,8.0,7.0,5.7,2.4,6.2,6.2,1.0,1.0,1.0,0.0,6.0,8.1,9.5,8.0,8.5,8.5,2.0,6.0,1.0,1.0,23.0,8.9,5.9,7.5,7.4,5.15,2.0,6.0,1.0,0.0,-1.0,6.5,5.4,5.0,5.6,3.2,1.0,2.0,1.0,0.0,6.0,10.0,8.0,7.9,8.6,8.6,1.0,4.0,1.0,0.0,0.0,7.0,8.0,7.5,7.5,7.5,1.0,4.0,1.0,0.0,0.0,6.8,5.0,7.0,6.3,6.3,1.0,6.0,0.0,0.0,-7.0,-7.0,-7.0,-7.0,-7.0,-7.0,1.0,6.0,1.0,0.0,0.0,6.4,6.3,7.0,6.6,6.6,1.0,6.0,1.0,0.0,10.0,10.0,9.4,10.0,9.8,9.8,2.0,7.0,1.0,1.0,0.0,5.8,5.5,8.3,6.5,3.6,3.0,8.0,1.0,2.0,17.33,3.3,5.4,6.5,5.1,2.37,1.0,4.0,1.0,0.0,6.0,8.5,3.0,6.5,6.0,6.0,1.0,4.0,1.0,0.0,8.0,7.6,9.5,7.0,8.0,8.0,1.0,8.0,1.0,0.0,12.0,6.7,6.1,9.5,7.4,7.4,1.0,8.0,1.0,0.0,0.0,8.7,10.0,8.5,9.1,9.1,0.0,0.0,0.0,0.0,0.0,0.0,0.0,0.0,0.0,0.0,1.0,5.0,1.0,0.0,8.0,1.9,9.2,9.1,8.8,8.8,0.0,0.0,0.0,0.0,0.0,0.0,0.0,0.0,0.0,0.0,0.0,0.0,0.0,0.0,0.0,0.0,0.0,0.0,0.0,0.0,0.0,0.0,0.0,0.0,0.0,0.0,0.0,0.0,0.0,0.0,0.0,0.0,0.0,0.0,0.0,0.0,0.0,0.0,0.0,0.0,0.0,0.0,0.0,0.0,0.0,0.0,0.0,0.0,0.0,0.0,1.0,6.0,1.0,0.0,12.0,6.0,7.5,9.3,7.6,7.6,1.0,7.0,1.0,0.0,6.0,6.1,4.5,6.5,5.7,5.7,1.0,6.0,1.0,0.0,2.0,7.4,9.7,8.6,8.6,8.6,1.0,1
2019,0,1,1680,0.92,60.0,0.04,8,1.0,26.0,1.0,1.0,1.0,0.0,10.0,8.1,5.1,10.0,7.7,7.7,1.0,1.0,1.0,0.0,6.0,8.1,5.4,5.0,6.2,6.2,1.0,1.0,1.0,0.0,0.0,9.1,9.8,10.0,9.6,9.6,1.0,1.0,1.0,0.0,0.0,6.7,5.4,3.6,5.2,5.2,1.0,1.0,1.0,0.0,0.0,9.3,9.4,9.2,9.3,9.3,1.0,2.0,1.0,0.0,26.0,8.4,4.2,6.0,6.2,6.2,0.0,0.0,0.0,0.0,0.0,0.0,0.0,0.0,0.0,0.0,1.0,2.0,1.0,0.0,12.0,10.0,8.0,7.9,8.6,8.6,3.0,5.0,1.0,0.0,-2.2,5.0,3.3,5.0,5.8,1.28,2.0,5.0,1.0,0.0,-1.75,4.5,7.0,10.0,7.2,3.65,2.0,5.0,1.0,0.0,-2.0,7.0,7.0,7.0,7.0,1.5,1.0,6.0,1.0,0.0,0.0,8.3,8.0,9.8,8.7,8.7,1.0,6.0,1.0,0.0,10.0,10.0,9.8,10.0,9.9,9.9,2.0,7.0,1.0,1.0,0.0,10.0,10.0,10.0,10.0,5.35,2.0,7.0,1.0,0.0,-1.0,6.5,9.5,5.5,7.2,4.4,0.0,0.0,0.0,0.0,0.0,0.0,0.0,0.0,0.0,0.0,2.0,8.0,1.0,0.0,4.0,5.7,6.3,7.0,6.3,1.15,2.0,8.0,1.0,0.0,1.0,4.9,7.7,7.9,6.8,1.4,1.0,8.0,1.0,0.0,0.0,7.2,6.0,10.0,7.7,7.7,0.0,0.0,0.0,0.0,0.0,0.0,0.0,0.0,0.0,0.0,0.0,0.0,0.0,0.0,0.0,0.0,0.0,0.0,0.0,0.0,0.0,0.0,0.0,0.0,0.0,0.0,0.0,0.0,0.0,0.0,1.0,8.0,1.0,0.0,10.0,7.2,4.6,6.0,5.9,5.9,0.0,0.0,0.0,0.0,0.0,0.0,0.0,0.0,0.0,0.0,0.0,0.0,0.0,0.0,0.0,0.0,0.0,0.0,0.0,0.0,0.0,0.0,0.0,0.0,0.0,0.0,0.0,0.0,0.0,0.0,0.0,0.0,0.0,0.0,0.0,0.0,0.0,0.0,0.0,0.0,0.0,0.0,0.0,0.0,0.0,0.0,0.0,0.0,0.0,0.0,0.0,0.0,0.0,0.0,0.0,0.0,0.0,0.0,0.0,0.0,1.0,1
2019,1,0,2010,1.1,0.0,0.0,9,1.12,32.0,1.0,1.0,1.0,0.0,14.0,9.0,9.0,10.0,9.3,9.3,1.0,1.0,1.0,0.0,14.0,5.7,6.8,7.0,6.5,6.5,1.0,1.0,1.0,0.0,0.0,5.7,3.2,9.0,6.0,6.0,1.0,1.0,1.0,0.0,8.0,8.3,6.7,7.4,7.5,7.5,1.0,1.0,1.0,0.0,6.0,8.5,9.4,9.1,9.0,9.0,1.0,2.0,1.0,0.0,18.0,8.1,6.0,7.5,7.2,7.2,1.0,2.0,1.0,0.0,0.0,4.5,7.0,9.6,7.0,7.0,1.0,2.0,1.0,0.0,8.0,8.0,8.0,8.0,8.0,8.0,1.0,5.0,1.0,0.0,0.0,10.0,10.0,10.0,10.0,10.0,1.0,6.0,1.0,0.0,4.0,10.0,10.0,10.0,10.0,10.0,1.0,5.0,1.0,0.0,0.0,8.0,8.0,8.0,8.0,8.0,1.0,5.0,1.0,0.0,2.0,10.0,9.7,9.8,9.8,9.8,1.0,6.0,1.0,0.0,2.0,10.0,9.5,10.0,9.8,9.8,2.0,6.0,1.0,0.0,-1.0,7.0,10.0,10.0,9.0,5.75,1.0,6.0,1.0,0.0,12.0,10.0,9.8,10.0,9.9,9.9,1.0,4.0,1.0,0.0,8.0,8.0,10.0,10.0,9.3,9.3,1.0,4.0,1.0,0.0,2.0,7.1,8.0,10.0,8.4,8.4,2.0,6.0,1.0,0.0,-2.0,8.2,8.5,9.5,8.7,2.35,1.0,7.0,1.0,0.0,12.0,9.3,10.0,10.0,9.8,9.8,1.0,5.0,1.0,0.0,10.0,8.8,9.5,9.8,9.4,9.4,1.0,5.0,1.0,0.0,16.0,9.8,8.8,8.7,9.1,9.1,1.0,7.0,1.0,0.0,18.0,7.4,4.6,7.1,6.4,6.4,1.0,7.0,1.0,0.0,0.0,8.0,8.4,10.0,8.8,8.8,1.0,7.0,1.0,0.0,0.0,10.0,10.0,10.0,10.0,10.0,1.0,8.0,1.0,0.0,18.0,10.0,10.0,9.5,9.8,9.8,1.0,8.0,1.0,0.0,0.0,10.0,9.7,9.8,9.8,9.8,1.0,4.0,1.0,0.0,12.0,10.0,10.0,10.0,10.0,10.0,2.0,8.0,1.0,0.0,-2.0,9.3,8.5,10.0,9.3,2.65,1.0,6.0,1.0,0.0,0.0,9.8,10.0,10.0,9.9,9.9,1.12,1
2019,0,1,810,0.44,270.0,0.33,3,0.38,12.0,2.0,2.0,1.0,1.0,13.0,4.1,3.0,6.5,5.5,5.0,1.0,1.0,0.0,1.0,10.0,2.0,1.5,-1.0,1.2,1.2,1.0,1.0,1.0,0.0,2.0,2.2,0.7,10.0,5.7,5.7,1.0,1.0,0.0,1.0,4.0,4.5,3.0,1.6,4.2,4.2,1.0,1.0,1.0,0.0,4.0,9.0,9.7,10.0,9.6,9.6,1.0,6.0,0.0,0.0,-2.0,-2.0,0.0,0.0,-2.0,-2.0,1.0,2.0,0.0,1.0,0.0,0.5,-1.0,-1.0,0.2,0.2,1.0,2.0,1.0,0.0,6.0,9.0,8.0,8.7,8.6,8.6,0.0,0.0,0.0,0.0,0.0,0.0,0.0,0.0,0.0,0.0,0.0,0.0,0.0,0.0,0.0,0.0,0.0,0.0,0.0,0.0,1.0,6.0,0.0,0.0,-2.0,-2.0,0.0,0.0,-2.0,-2.0,1.0,6.0,0.0,0.0,-2.0,-2.0,0.0,0.0,-2.0,-2.0,1.0,6.0,0.0,0.0,-2.0,-2.0,0.0,0.0,-2.0,-2.0,0.0,0.0,0.0,0.0,0.0,0.0,0.0,0.0,0.0,0.0,0.0,0.0,0.0,0.0,0.0,0.0,0.0,0.0,0.0,0.0,0.0,0.0,0.0,0.0,0.0,0.0,0.0,0.0,0.0,0.0,0.0,0.0,0.0,0.0,0.0,0.0,0.0,0.0,0.0,0.0,0.0,0.0,0.0,0.0,0.0,0.0,0.0,0.0,0.0,0.0,0.0,0.0,0.0,0.0,0.0,0.0,0.0,0.0,0.0,0.0,0.0,0.0,0.0,0.0,0.0,0.0,0.0,0.0,0.0,0.0,0.0,0.0,0.0,0.0,0.0,0.0,0.0,0.0,0.0,0.0,0.0,0.0,0.0,0.0,0.0,0.0,0.0,0.0,0.0,0.0,0.0,0.0,0.0,0.0,0.0,0.0,0.0,0.0,0.0,0.0,0.0,0.0,0.0,0.0,0.0,0.0,0.0,0.0,0.0,0.0,0.0,0.0,0.0,0.0,0.0,0.0,0.0,0.0,0.0,0.0,0.0,0.0,0.0,0.0,0.0,0.0,0.0,0.0,0.0,0.0,0.0,0.0,0.0,0.0,0.0,0.0,0.0,0.0,0.0,0.0,0.0,0.0,0.0,0.0,0.0,0.0,0.0,0.0,0.0,0.0,0.0,0.0,0.0,0.0,0.0,0.0,0.0,0.0,0.0,0.0,-0.38,-1
2019,1,0,1800,0.98,0.0,0.0,9,1.12,28.0,1.0,1.0,1.0,0.0,4.0,8.2,4.1,2.5,6.9,6.9,1.0,1.0,1.0,0.0,4.0,5.2,7.0,5.0,5.7,5.7,1.0,1.0,1.0,0.0,0.0,5.4,1.7,10.0,8.1,8.1,1.0,1.0,1.0,0.0,2.0,7.1,5.9,2.1,6.9,6.9,1.0,1.0,1.0,0.0,2.0,9.0,9.1,8.1,8.7,8.7,2.0,6.0,1.0,0.0,4.0,7.8,7.0,9.0,7.9,1.95,1.0,2.0,1.0,0.0,0.0,5.0,3.0,5.0,5.2,5.2,1.0,2.0,1.0,0.0,2.0,9.0,8.0,8.7,8.6,8.6,1.0,4.0,1.0,0.0,0.0,6.0,7.0,8.3,7.1,7.1,1.0,8.0,1.0,0.0,0.0,7.0,10.0,8.0,8.3,8.3,1.0,6.0,0.0,0.0,-4.0,-4.0,-4.0,-4.0,-4.0,-4.0,1.0,5.0,1.0,0.0,0.0,10.0,4.5,8.5,7.7,7.7,1.0,6.0,1.0,0.0,4.0,10.0,9.5,10.0,9.8,9.8,1.0,6.0,1.0,0.0,0.0,4.0,8.5,9.0,7.2,7.2,2.0,7.0,1.0,0.0,-2.0,4.8,1.0,5.0,5.0,0.5,1.0,2.0,1.0,0.0,6.0,4.0,3.0,5.0,5.7,5.7,1.0,4.0,1.0,0.0,2.0,7.2,8.5,6.7,7.5,7.5,1.0,6.0,1.0,0.0,0.0,9.0,8.9,9.7,9.2,9.2,1.0,7.0,1.0,0.0,2.0,8.7,6.2,5.0,6.6,6.6,0.0,0.0,0.0,0.0,0.0,0.0,0.0,0.0,0.0,0.0,1.0,5.0,1.0,0.0,4.0,3.5,5.8,9.1,6.1,6.1,1.0,7.0,1.0,0.0,6.0,8.6,7.3,6.6,7.5,7.5,1.0,8.0,1.0,0.0,0.0,6.1,4.2,2.5,6.4,6.4,0.0,0.0,0.0,0.0,0.0,0.0,0.0,0.0,0.0,0.0,1.0,8.0,1.0,0.0,4.0,10.0,10.0,9.5,9.8,9.8,0.0,0.0,0.0,0.0,0.0,0.0,0.0,0.0,0.0,0.0,1.0,5.0,1.0,0.0,6.0,3.0,10.0,9.5,7.5,7.5,1.0,7.0,1.0,0.0,0.0,6.6,6.5,9.5,7.5,7.5,1.0,6.0,1.0,0.0,0.0,8.8,9.7,9.3,9.3,9.3,1.12,1
2019,1,0,1770,0.97,120.0,0.07,9,1.12,28.0,1.0,1.0,1.0,0.0,0.0,8.8,7.1,10.0,8.6,8.6,2.0,2.0,1.0,1.0,6.0,9.8,4.0,8.3,7.4,5.2,1.0,1.0,1.0,0.0,0.0,3.4,5.8,10.0,6.4,6.4,1.0,1.0,1.0,0.0,0.0,6.6,6.1,3.9,5.5,5.5,1.0,1.0,1.0,0.0,0.0,7.5,9.7,9.4,8.9,8.9,1.0,2.0,1.0,0.0,4.0,8.9,8.3,10.0,9.1,9.1,1.0,2.0,1.0,0.0,0.0,5.0,3.0,5.0,5.0,5.0,1.0,5.0,1.0,0.0,4.0,9.7,8.3,8.8,8.9,8.9,1.0,6.0,1.0,0.0,0.0,-1.0,4.0,9.7,7.0,7.0,1.0,6.0,0.0,0.0,-4.0,-4.0,0.0,0.0,-4.0,-4.0,1.0,6.0,0.0,0.0,-7.0,-7.0,0.0,0.0,-7.0,-7.0,1.0,5.0,1.0,0.0,0.0,10.0,5.3,8.7,8.0,8.0,1.0,6.0,1.0,0.0,0.0,10.0,9.5,10.0,9.8,9.8,1.0,4.0,1.0,0.0,0.0,5.0,5.0,5.0,5.0,5.0,2.0,7.0,1.0,1.0,6.0,7.5,9.0,6.0,7.5,4.75,1.0,2.0,1.0,0.0,0.0,4.0,6.5,10.0,6.8,6.8,1.0,4.0,1.0,0.0,4.0,6.2,8.1,5.9,6.7,6.7,1.0,4.0,1.0,0.0,6.0,8.0,7.2,7.7,7.6,7.6,1.0,7.0,1.0,0.0,0.0,10.0,5.0,5.0,6.7,6.7,0.0,0.0,0.0,0.0,0.0,0.0,0.0,0.0,0.0,0.0,1.0,5.0,1.0,0.0,4.0,5.4,9.0,9.1,7.8,7.8,1.0,7.0,1.0,0.0,4.0,7.8,6.8,6.0,6.9,6.9,1.0,8.0,1.0,0.0,4.0,5.8,4.8,5.1,5.2,5.2,0.0,0.0,0.0,0.0,0.0,0.0,0.0,0.0,0.0,0.0,1.0,8.0,1.0,0.0,6.0,10.0,10.0,9.5,9.8,9.8,0.0,0.0,0.0,0.0,0.0,0.0,0.0,0.0,0.0,0.0,1.0,5.0,1.0,0.0,0.0,6.0,10.0,10.0,8.7,8.7,1.0,6.0,1.0,0.0,2.0,6.0,3.8,4.0,6.7,6.7,1.0,6.0,1.0,0.0,0.0,7.5,9.7,8.6,8.6,8.6,1.12,1
2019,1,0,1470,0.8,480.0,0.33,9,1.12,22.0,1.0,1.0,1.0,0.0,2.0,8.5,5.9,6.0,6.8,6.8,1.0,1.0,1.0,0.0,6.0,6.1,6.0,5.0,5.7,5.7,1.0,1.0,1.0,0.0,0.0,7.2,3.0,9.0,6.4,6.4,2.0,5.0,1.0,1.0,8.0,3.0,9.0,3.3,5.1,4.7,1.0,1.0,1.0,0.0,2.0,8.8,9.4,8.0,8.7,8.7,3.0,6.0,1.0,2.0,25.33,5.1,2.5,-1.0,2.5,3.17,2.0,4.0,0.0,2.0,0.0,-1.0,-1.0,-1.0,-1.0,-0.35,1.0,2.0,1.0,0.0,8.0,9.0,8.5,4.3,7.3,7.3,2.0,6.0,0.0,2.0,7.0,-1.0,4.0,5.0,4.5,4.55,1.0,5.0,0.0,0.0,-4.0,-4.0,0.0,0.0,-4.0,-4.0,1.0,6.0,0.0,0.0,-4.0,-4.0,-4.0,-4.0,-4.0,-4.0,1.0,5.0,1.0,0.0,13.0,7.6,-1.0,5.3,5.9,5.9,1.0,6.0,1.0,0.0,6.0,10.0,8.8,9.0,9.3,9.3,0.0,0.0,0.0,0.0,0.0,0.0,0.0,0.0,0.0,0.0,1.0,7.0,0.0,0.0,-2.0,-2.0,0.0,0.0,-2.0,-2.0,1.0,5.0,1.0,0.0,16.0,7.0,3.0,6.0,5.3,5.3,0.0,0.0,0.0,0.0,0.0,0.0,0.0,0.0,0.0,0.0,0.0,0.0,0.0,0.0,0.0,0.0,0.0,0.0,0.0,0.0,0.0,0.0,0.0,0.0,0.0,0.0,0.0,0.0,0.0,0.0,0.0,0.0,0.0,0.0,0.0,0.0,0.0,0.0,0.0,0.0,0.0,0.0,0.0,0.0,0.0,0.0,0.0,0.0,0.0,0.0,0.0,0.0,0.0,0.0,0.0,0.0,0.0,0.0,0.0,0.0,0.0,0.0,0.0,0.0,0.0,0.0,0.0,0.0,0.0,0.0,0.0,0.0,0.0,0.0,0.0,0.0,0.0,0.0,0.0,0.0,0.0,0.0,0.0,0.0,0.0,0.0,0.0,0.0,0.0,0.0,0.0,0.0,0.0,0.0,0.0,0.0,0.0,0.0,0.0,0.0,1.0,2.0,1.0,0.0,16.0,7.5,2.5,5.5,6.7,6.7,0.0,0.0,0.0,0.0,0.0,0.0,0.0,0.0,0.0,0.0,1.0,8.0,0.0,0.0,-2.0,-2.0,0.0,0.0,-2.0,-2.0,1.12,1
2019,1,0,1680,0.92,0.0,0.0,7,0.88,26.0,1.0,1.0,1.0,0.0,20.0,9.5,9.0,8.5,9.0,9.0,1.0,1.0,1.0,0.0,8.0,7.0,4.5,5.0,5.5,5.5,1.0,1.0,1.0,0.0,0.0,7.7,8.7,9.0,8.5,8.5,1.0,1.0,1.0,0.0,2.0,5.8,7.4,3.1,5.4,5.4,1.0,1.0,1.0,0.0,2.0,10.0,9.9,9.3,9.7,9.7,1.0,2.0,1.0,0.0,20.0,9.1,8.6,9.5,9.1,9.1,1.0,2.0,1.0,0.0,0.0,4.8,6.0,5.5,5.4,5.4,1.0,2.0,1.0,0.0,8.0,8.0,8.0,8.0,8.0,8.0,1.0,5.0,1.0,0.0,0.0,6.0,6.0,6.0,6.0,6.0,2.0,6.0,1.0,0.0,-1.75,-7.0,8.0,10.0,-7.0,5.0,1.0,6.0,0.0,0.0,-7.0,-7.0,-7.0,-7.0,-7.0,-7.0,1.0,5.0,1.0,0.0,2.0,10.0,5.7,9.2,8.3,8.3,1.0,6.0,1.0,0.0,0.0,10.0,9.5,10.0,9.8,9.8,1.0,4.0,1.0,0.0,0.0,8.0,8.0,8.0,8.0,8.0,1.0,6.0,1.0,0.0,8.0,10.0,8.3,10.0,9.4,9.4,1.0,4.0,1.0,0.0,10.0,6.0,8.5,7.0,7.2,7.2,1.0,4.0,1.0,0.0,8.0,6.7,7.8,9.3,7.9,7.9,1.0,4.0,1.0,0.0,13.0,9.0,8.8,8.9,8.9,8.9,1.0,7.0,1.0,0.0,4.0,10.0,6.2,5.0,7.1,7.1,0.0,0.0,0.0,0.0,0.0,0.0,0.0,0.0,0.0,0.0,1.0,7.0,1.0,0.0,16.0,7.8,8.9,7.4,8.0,8.0,1.0,7.0,1.0,0.0,18.0,8.3,7.3,6.4,7.3,7.3,1.0,8.0,1.0,0.0,16.0,5.4,3.8,3.4,6.4,6.4,0.0,0.0,0.0,0.0,0.0,0.0,0.0,0.0,0.0,0.0,1.0,8.0,1.0,0.0,18.0,10.0,10.0,9.5,9.8,9.8,0.0,0.0,0.0,0.0,0.0,0.0,0.0,0.0,0.0,0.0,1.0,5.0,1.0,0.0,6.0,9.0,10.0,9.5,9.5,9.5,0.0,0.0,0.0,0.0,0.0,0.0,0.0,0.0,0.0,0.0,1.0,6.0,1.0,0.0,0.0,10.0,9.5,9.5,9.7,9.7,0.88,1
2019,1,0,480,0.26,60.0,0.12,2,0.25,7.0,1.0,1.0,1.0,0.0,12.0,7.7,6.4,8.5,7.5,7.5,1.0,1.0,1.0,0.0,8.0,3.2,4.0,7.8,5.0,5.0,1.0,1.0,1.0,0.0,4.0,4.6,3.7,9.0,5.8,5.8,1.0,1.0,0.0,1.0,12.0,3.7,5.6,4.4,4.8,4.8,1.0,1.0,1.0,0.0,8.0,8.7,7.3,8.0,8.0,8.0,1.0,2.0,0.0,0.0,-2.0,-2.0,-2.0,-2.0,-2.0,-2.0,0.0,0.0,0.0,0.0,0.0,0.0,0.0,0.0,0.0,0.0,1.0,2.0,0.0,0.0,-2.0,-2.0,0.0,0.0,-2.0,-2.0,0.0,0.0,0.0,0.0,0.0,0.0,0.0,0.0,0.0,0.0,0.0,0.0,0.0,0.0,0.0,0.0,0.0,0.0,0.0,0.0,0.0,0.0,0.0,0.0,0.0,0.0,0.0,0.0,0.0,0.0,0.0,0.0,0.0,0.0,0.0,0.0,0.0,0.0,0.0,0.0,0.0,0.0,0.0,0.0,0.0,0.0,0.0,0.0,0.0,0.0,0.0,0.0,0.0,0.0,0.0,0.0,0.0,0.0,0.0,0.0,0.0,0.0,0.0,0.0,0.0,0.0,0.0,0.0,0.0,0.0,0.0,0.0,0.0,0.0,0.0,0.0,0.0,0.0,0.0,0.0,0.0,0.0,0.0,0.0,0.0,0.0,0.0,0.0,0.0,0.0,0.0,0.0,0.0,0.0,0.0,0.0,0.0,0.0,0.0,0.0,0.0,0.0,0.0,0.0,0.0,0.0,0.0,0.0,0.0,0.0,0.0,0.0,0.0,0.0,0.0,0.0,0.0,0.0,0.0,0.0,0.0,0.0,0.0,0.0,0.0,0.0,0.0,0.0,0.0,0.0,0.0,0.0,0.0,0.0,0.0,0.0,0.0,0.0,0.0,0.0,0.0,0.0,0.0,0.0,0.0,0.0,0.0,0.0,0.0,0.0,0.0,0.0,0.0,0.0,0.0,0.0,0.0,0.0,0.0,0.0,0.0,0.0,0.0,0.0,0.0,0.0,0.0,0.0,0.0,0.0,0.0,0.0,0.0,0.0,0.0,0.0,0.0,0.0,0.0,0.0,0.0,0.0,0.0,0.0,0.0,0.0,0.0,0.0,0.0,0.0,0.0,0.0,0.0,0.0,0.0,0.0,0.0,0.0,0.0,0.0,0.0,0.0,0.0,0.0,0.0,0.0,0.0,0.0,0.0,0.0,-0.25,-1
2019,0,1,330,0.18,330.0,1.0,1,0.12,5.0,1.0,1.0,0.0,1.0,88.0,0.8,-1.0,-1.0,0.3,0.3,1.0,1.0,0.0,1.0,58.0,-1.0,-1.0,-1.0,-1.0,-1.0,1.0,1.0,0.0,1.0,40.0,-1.0,-1.0,-1.0,-1.0,-1.0,1.0,1.0,0.0,1.0,54.0,-1.0,-1.0,-1.0,-1.0,-1.0,1.0,1.0,0.0,1.0,52.0,-1.0,-1.0,-1.0,-1.0,-1.0,0.0,0.0,0.0,0.0,0.0,0.0,0.0,0.0,0.0,0.0,0.0,0.0,0.0,0.0,0.0,0.0,0.0,0.0,0.0,0.0,0.0,0.0,0.0,0.0,0.0,0.0,0.0,0.0,0.0,0.0,0.0,0.0,0.0,0.0,0.0,0.0,0.0,0.0,0.0,0.0,0.0,0.0,0.0,0.0,0.0,0.0,0.0,0.0,0.0,0.0,0.0,0.0,0.0,0.0,0.0,0.0,0.0,0.0,0.0,0.0,0.0,0.0,0.0,0.0,0.0,0.0,0.0,0.0,0.0,0.0,0.0,0.0,0.0,0.0,0.0,0.0,0.0,0.0,0.0,0.0,0.0,0.0,0.0,0.0,0.0,0.0,0.0,0.0,0.0,0.0,0.0,0.0,0.0,0.0,0.0,0.0,0.0,0.0,0.0,0.0,0.0,0.0,0.0,0.0,0.0,0.0,0.0,0.0,0.0,0.0,0.0,0.0,0.0,0.0,0.0,0.0,0.0,0.0,0.0,0.0,0.0,0.0,0.0,0.0,0.0,0.0,0.0,0.0,0.0,0.0,0.0,0.0,0.0,0.0,0.0,0.0,0.0,0.0,0.0,0.0,0.0,0.0,0.0,0.0,0.0,0.0,0.0,0.0,0.0,0.0,0.0,0.0,0.0,0.0,0.0,0.0,0.0,0.0,0.0,0.0,0.0,0.0,0.0,0.0,0.0,0.0,0.0,0.0,0.0,0.0,0.0,0.0,0.0,0.0,0.0,0.0,0.0,0.0,0.0,0.0,0.0,0.0,0.0,0.0,0.0,0.0,0.0,0.0,0.0,0.0,0.0,0.0,0.0,0.0,0.0,0.0,0.0,0.0,0.0,0.0,0.0,0.0,0.0,0.0,0.0,0.0,0.0,0.0,0.0,0.0,0.0,0.0,0.0,0.0,0.0,0.0,0.0,0.0,0.0,0.0,0.0,0.0,0.0,0.0,0.0,0.0,0.0,0.0,0.0,0.0,0.0,0.0,0.0,0.0,0.0,0.0,0.0,0.0,0.0,0.0,-0.12,-1
2019,1,0,1980,1.08,240.0,0.12,9,1.12,31.0,1.0,1.0,1.0,0.0,6.0,7.6,4.6,10.0,7.4,7.4,2.0,2.0,1.0,1.0,7.0,5.0,7.0,7.3,6.4,3.85,1.0,1.0,1.0,0.0,0.0,4.5,5.3,10.0,6.6,6.6,1.0,1.0,1.0,0.0,0.0,6.1,4.6,5.5,5.4,5.4,1.0,1.0,1.0,0.0,0.0,9.0,9.5,9.5,9.3,9.3,1.0,2.0,1.0,0.0,2.0,8.5,3.8,10.0,7.4,7.4,1.0,2.0,1.0,0.0,0.0,4.0,6.5,4.0,5.3,5.3,1.0,5.0,1.0,0.0,8.0,10.0,8.0,9.6,9.2,9.2,2.0,6.0,1.0,1.0,0.0,-1.0,-1.0,1.4,0.5,3.7,2.0,6.0,0.0,0.0,-5.5,-7.0,0.0,0.0,-7.0,-5.5,2.0,7.0,0.0,1.0,-1.75,-1.0,-1.0,-1.0,-1.0,-2.5,1.0,5.0,1.0,0.0,0.0,10.0,5.1,8.2,7.8,7.8,1.0,6.0,1.0,0.0,0.0,10.0,9.5,10.0,9.8,9.8,2.0,7.0,1.0,0.0,-2.0,3.7,5.0,9.5,6.1,1.05,3.0,8.0,1.0,1.0,10.0,4.0,8.3,8.0,6.8,1.17,1.0,2.0,1.0,0.0,0.0,4.0,3.0,6.0,5.8,5.8,1.0,4.0,1.0,0.0,0.0,6.4,8.6,7.0,7.3,7.3,1.0,6.0,1.0,0.0,0.0,7.8,7.3,9.2,8.1,8.1,1.0,8.0,1.0,0.0,0.0,7.0,6.0,8.0,7.0,7.0,0.0,0.0,0.0,0.0,0.0,0.0,0.0,0.0,0.0,0.0,1.0,5.0,1.0,0.0,4.0,1.6,5.8,9.1,6.1,6.1,1.0,8.0,1.0,0.0,16.0,5.7,6.0,7.9,6.5,6.5,0.0,0.0,0.0,0.0,0.0,0.0,0.0,0.0,0.0,0.0,0.0,0.0,0.0,0.0,0.0,0.0,0.0,0.0,0.0,0.0,0.0,0.0,0.0,0.0,0.0,0.0,0.0,0.0,0.0,0.0,0.0,0.0,0.0,0.0,0.0,0.0,0.0,0.0,0.0,0.0,1.0,5.0,1.0,0.0,0.0,5.0,10.0,9.5,8.2,8.2,1.0,7.0,1.0,0.0,8.0,5.1,3.0,9.5,5.9,5.9,1.0,6.0,1.0,0.0,4.0,8.0,9.7,8.9,8.9,8.9,1.12,1
2019,1,0,600,0.33,120.0,0.2,2,0.25,9.0,1.0,1.0,1.0,0.0,6.0,6.8,4.8,7.5,6.4,6.4,2.0,2.0,0.0,1.0,3.0,-2.0,-2.0,-2.0,-2.0,1.1,1.0,1.0,1.0,0.0,4.0,4.5,3.0,8.0,5.2,5.2,1.0,1.0,0.0,1.0,6.0,6.2,4.0,0.9,3.7,3.7,1.0,1.0,1.0,0.0,2.0,8.3,9.1,8.0,8.5,8.5,1.0,2.0,0.0,0.0,-2.0,-2.0,-2.0,-2.0,-2.0,-2.0,1.0,2.0,0.0,0.0,-2.0,-2.0,0.0,0.0,-2.0,-2.0,0.0,0.0,0.0,0.0,0.0,0.0,0.0,0.0,0.0,0.0,0.0,0.0,0.0,0.0,0.0,0.0,0.0,0.0,0.0,0.0,0.0,0.0,0.0,0.0,0.0,0.0,0.0,0.0,0.0,0.0,0.0,0.0,0.0,0.0,0.0,0.0,0.0,0.0,0.0,0.0,0.0,0.0,0.0,0.0,0.0,0.0,0.0,0.0,0.0,0.0,0.0,0.0,0.0,0.0,0.0,0.0,0.0,0.0,0.0,0.0,0.0,0.0,0.0,0.0,0.0,0.0,0.0,0.0,0.0,0.0,0.0,0.0,0.0,0.0,0.0,0.0,0.0,0.0,0.0,0.0,0.0,0.0,0.0,0.0,0.0,0.0,0.0,0.0,0.0,0.0,0.0,0.0,0.0,0.0,0.0,0.0,0.0,0.0,0.0,0.0,0.0,0.0,0.0,0.0,0.0,0.0,0.0,0.0,0.0,0.0,0.0,0.0,0.0,0.0,0.0,0.0,0.0,0.0,0.0,0.0,0.0,0.0,0.0,0.0,0.0,0.0,0.0,0.0,0.0,0.0,0.0,0.0,0.0,0.0,0.0,0.0,0.0,0.0,0.0,0.0,0.0,0.0,0.0,0.0,0.0,0.0,0.0,0.0,0.0,0.0,0.0,0.0,0.0,0.0,0.0,0.0,0.0,0.0,0.0,0.0,0.0,0.0,0.0,0.0,0.0,0.0,0.0,0.0,0.0,0.0,0.0,0.0,0.0,0.0,0.0,0.0,0.0,0.0,0.0,0.0,0.0,0.0,0.0,0.0,0.0,0.0,0.0,0.0,0.0,0.0,1.0,2.0,0.0,0.0,-2.0,-2.0,0.0,0.0,-2.0,-2.0,0.0,0.0,0.0,0.0,0.0,0.0,0.0,0.0,0.0,0.0,0.0,0.0,0.0,0.0,0.0,0.0,0.0,0.0,0.0,0.0,-0.25,-1
2019,1,0,540,0.3,150.0,0.28,2,0.25,8.0,1.0,1.0,1.0,0.0,12.0,8.3,4.1,6.5,6.3,6.3,1.0,1.0,1.0,0.0,4.0,7.3,5.8,6.3,6.5,6.5,1.0,1.0,1.0,0.0,0.0,6.3,3.0,9.0,6.1,6.1,1.0,1.0,1.0,0.0,2.0,5.4,5.4,0.6,6.1,6.1,1.0,1.0,1.0,0.0,0.0,10.0,9.8,8.4,9.4,9.4,1.0,2.0,0.0,1.0,46.0,3.8,-1.0,-1.0,1.3,1.3,1.0,2.0,0.0,1.0,0.0,1.4,-1.0,-1.0,0.5,0.5,1.0,2.0,1.0,0.0,12.0,9.0,8.0,7.4,8.1,8.1,0.0,0.0,0.0,0.0,0.0,0.0,0.0,0.0,0.0,0.0,0.0,0.0,0.0,0.0,0.0,0.0,0.0,0.0,0.0,0.0,0.0,0.0,0.0,0.0,0.0,0.0,0.0,0.0,0.0,0.0,0.0,0.0,0.0,0.0,0.0,0.0,0.0,0.0,0.0,0.0,0.0,0.0,0.0,0.0,0.0,0.0,0.0,0.0,0.0,0.0,0.0,0.0,0.0,0.0,0.0,0.0,0.0,0.0,0.0,0.0,0.0,0.0,0.0,0.0,0.0,0.0,0.0,0.0,0.0,0.0,0.0,0.0,0.0,0.0,0.0,0.0,0.0,0.0,0.0,0.0,0.0,0.0,0.0,0.0,0.0,0.0,0.0,0.0,0.0,0.0,0.0,0.0,0.0,0.0,0.0,0.0,0.0,0.0,0.0,0.0,0.0,0.0,0.0,0.0,0.0,0.0,0.0,0.0,0.0,0.0,0.0,0.0,0.0,0.0,0.0,0.0,0.0,0.0,0.0,0.0,0.0,0.0,0.0,0.0,0.0,0.0,0.0,0.0,0.0,0.0,0.0,0.0,0.0,0.0,0.0,0.0,0.0,0.0,0.0,0.0,0.0,0.0,0.0,0.0,0.0,0.0,0.0,0.0,0.0,0.0,0.0,0.0,0.0,0.0,0.0,0.0,0.0,0.0,0.0,0.0,0.0,0.0,0.0,0.0,0.0,0.0,0.0,0.0,0.0,0.0,0.0,0.0,0.0,0.0,0.0,0.0,0.0,0.0,0.0,0.0,0.0,0.0,0.0,0.0,0.0,0.0,0.0,0.0,0.0,0.0,0.0,0.0,0.0,0.0,0.0,0.0,0.0,0.0,0.0,0.0,0.0,0.0,0.0,0.0,0.0,0.0,0.0,0.0,0.0,0.0,-0.25,-1
2019,0,1,330,0.18,0.0,0.0,1,0.12,5.0,1.0,1.0,0.0,0.0,-2.0,-2.0,-2.0,-2.0,-2.0,-2.0,1.0,1.0,0.0,0.0,-2.0,-2.0,-2.0,-2.0,-2.0,-2.0,1.0,1.0,0.0,0.0,-2.0,-2.0,-2.0,-2.0,-2.0,-2.0,1.0,1.0,0.0,0.0,-2.0,-2.0,-2.0,-2.0,-2.0,-2.0,1.0,1.0,0.0,0.0,-2.0,-2.0,-2.0,-2.0,-2.0,-2.0,0.0,0.0,0.0,0.0,0.0,0.0,0.0,0.0,0.0,0.0,0.0,0.0,0.0,0.0,0.0,0.0,0.0,0.0,0.0,0.0,0.0,0.0,0.0,0.0,0.0,0.0,0.0,0.0,0.0,0.0,0.0,0.0,0.0,0.0,0.0,0.0,0.0,0.0,0.0,0.0,0.0,0.0,0.0,0.0,0.0,0.0,0.0,0.0,0.0,0.0,0.0,0.0,0.0,0.0,0.0,0.0,0.0,0.0,0.0,0.0,0.0,0.0,0.0,0.0,0.0,0.0,0.0,0.0,0.0,0.0,0.0,0.0,0.0,0.0,0.0,0.0,0.0,0.0,0.0,0.0,0.0,0.0,0.0,0.0,0.0,0.0,0.0,0.0,0.0,0.0,0.0,0.0,0.0,0.0,0.0,0.0,0.0,0.0,0.0,0.0,0.0,0.0,0.0,0.0,0.0,0.0,0.0,0.0,0.0,0.0,0.0,0.0,0.0,0.0,0.0,0.0,0.0,0.0,0.0,0.0,0.0,0.0,0.0,0.0,0.0,0.0,0.0,0.0,0.0,0.0,0.0,0.0,0.0,0.0,0.0,0.0,0.0,0.0,0.0,0.0,0.0,0.0,0.0,0.0,0.0,0.0,0.0,0.0,0.0,0.0,0.0,0.0,0.0,0.0,0.0,0.0,0.0,0.0,0.0,0.0,0.0,0.0,0.0,0.0,0.0,0.0,0.0,0.0,0.0,0.0,0.0,0.0,0.0,0.0,0.0,0.0,0.0,0.0,0.0,0.0,0.0,0.0,0.0,0.0,0.0,0.0,0.0,0.0,0.0,0.0,0.0,0.0,0.0,0.0,0.0,0.0,0.0,0.0,0.0,0.0,0.0,0.0,0.0,0.0,0.0,0.0,0.0,0.0,0.0,0.0,0.0,0.0,0.0,0.0,0.0,0.0,0.0,0.0,0.0,0.0,0.0,0.0,0.0,0.0,0.0,0.0,0.0,0.0,0.0,0.0,0.0,0.0,0.0,0.0,0.0,0.0,0.0,0.0,0.0,0.0,-0.12,-1
2019,0,1,1560,0.85,150.0,0.1,8,1.0,24.0,1.0,1.0,1.0,0.0,16.0,7.4,4.4,8.3,6.7,6.7,2.0,2.0,1.0,1.0,14.0,3.0,7.0,5.5,5.2,4.15,1.0,1.0,1.0,0.0,10.0,7.6,8.3,10.0,8.6,8.6,1.0,1.0,1.0,0.0,12.0,6.6,5.3,4.5,5.5,5.5,1.0,1.0,1.0,0.0,8.0,8.8,10.0,10.0,9.6,9.6,1.0,2.0,1.0,0.0,14.0,9.1,1.8,8.3,7.8,7.8,1.0,2.0,1.0,0.0,0.0,4.5,5.0,4.5,5.2,5.2,1.0,5.0,1.0,0.0,0.0,10.0,7.0,10.0,9.0,9.0,1.0,5.0,1.0,0.0,0.0,5.0,5.0,5.0,5.0,5.0,2.0,8.0,1.0,1.0,23.0,9.5,9.0,9.0,9.2,4.1,1.0,6.0,1.0,0.0,4.0,5.7,6.5,6.0,6.1,6.1,1.0,5.0,1.0,0.0,3.0,10.0,5.7,9.1,8.3,8.3,1.0,6.0,1.0,0.0,4.0,10.0,9.5,10.0,9.8,9.8,1.0,6.0,1.0,0.0,0.0,6.0,4.0,7.7,5.9,5.9,1.0,6.0,0.0,0.0,-4.0,-4.0,-4.0,-4.0,-4.0,-4.0,1.0,4.0,1.0,0.0,12.0,3.5,3.0,8.5,5.0,5.0,1.0,4.0,1.0,0.0,4.0,8.8,8.8,8.8,8.8,8.8,1.0,4.0,1.0,0.0,15.0,7.0,7.4,9.2,7.9,7.9,1.0,8.0,1.0,0.0,0.0,6.2,6.0,8.0,6.7,6.7,0.0,0.0,0.0,0.0,0.0,0.0,0.0,0.0,0.0,0.0,1.0,5.0,1.0,0.0,4.0,4.9,9.2,9.1,7.7,7.7,0.0,0.0,0.0,0.0,0.0,0.0,0.0,0.0,0.0,0.0,0.0,0.0,0.0,0.0,0.0,0.0,0.0,0.0,0.0,0.0,0.0,0.0,0.0,0.0,0.0,0.0,0.0,0.0,0.0,0.0,0.0,0.0,0.0,0.0,0.0,0.0,0.0,0.0,0.0,0.0,0.0,0.0,0.0,0.0,0.0,0.0,0.0,0.0,0.0,0.0,1.0,6.0,1.0,0.0,4.0,9.0,10.0,9.0,9.3,9.3,0.0,0.0,0.0,0.0,0.0,0.0,0.0,0.0,0.0,0.0,1.0,6.0,1.0,0.0,2.0,8.5,9.5,9.0,9.0,9.0,1.0,1
2019,0,1,330,0.18,330.0,1.0,1,0.12,5.0,1.0,1.0,0.0,1.0,104.0,-1.0,-1.0,-1.0,-1.0,-1.0,1.0,1.0,0.0,1.0,70.0,-1.0,-1.0,-1.0,-1.0,-1.0,1.0,1.0,0.0,1.0,48.0,-1.0,-1.0,-1.0,-1.0,-1.0,1.0,1.0,0.0,1.0,68.0,-1.0,-1.0,-1.0,-1.0,-1.0,1.0,1.0,0.0,1.0,68.0,-1.0,-1.0,-1.0,-1.0,-1.0,0.0,0.0,0.0,0.0,0.0,0.0,0.0,0.0,0.0,0.0,0.0,0.0,0.0,0.0,0.0,0.0,0.0,0.0,0.0,0.0,0.0,0.0,0.0,0.0,0.0,0.0,0.0,0.0,0.0,0.0,0.0,0.0,0.0,0.0,0.0,0.0,0.0,0.0,0.0,0.0,0.0,0.0,0.0,0.0,0.0,0.0,0.0,0.0,0.0,0.0,0.0,0.0,0.0,0.0,0.0,0.0,0.0,0.0,0.0,0.0,0.0,0.0,0.0,0.0,0.0,0.0,0.0,0.0,0.0,0.0,0.0,0.0,0.0,0.0,0.0,0.0,0.0,0.0,0.0,0.0,0.0,0.0,0.0,0.0,0.0,0.0,0.0,0.0,0.0,0.0,0.0,0.0,0.0,0.0,0.0,0.0,0.0,0.0,0.0,0.0,0.0,0.0,0.0,0.0,0.0,0.0,0.0,0.0,0.0,0.0,0.0,0.0,0.0,0.0,0.0,0.0,0.0,0.0,0.0,0.0,0.0,0.0,0.0,0.0,0.0,0.0,0.0,0.0,0.0,0.0,0.0,0.0,0.0,0.0,0.0,0.0,0.0,0.0,0.0,0.0,0.0,0.0,0.0,0.0,0.0,0.0,0.0,0.0,0.0,0.0,0.0,0.0,0.0,0.0,0.0,0.0,0.0,0.0,0.0,0.0,0.0,0.0,0.0,0.0,0.0,0.0,0.0,0.0,0.0,0.0,0.0,0.0,0.0,0.0,0.0,0.0,0.0,0.0,0.0,0.0,0.0,0.0,0.0,0.0,0.0,0.0,0.0,0.0,0.0,0.0,0.0,0.0,0.0,0.0,0.0,0.0,0.0,0.0,0.0,0.0,0.0,0.0,0.0,0.0,0.0,0.0,0.0,0.0,0.0,0.0,0.0,0.0,0.0,0.0,0.0,0.0,0.0,0.0,0.0,0.0,0.0,0.0,0.0,0.0,0.0,0.0,0.0,0.0,0.0,0.0,0.0,0.0,0.0,0.0,0.0,0.0,0.0,0.0,0.0,0.0,-0.12,-1
2019,1,0,1740,0.95,390.0,0.22,8,1.0,27.0,1.0,1.0,1.0,0.0,4.0,7.1,3.8,3.3,5.0,5.0,2.0,2.0,1.0,1.0,7.0,5.4,4.5,8.3,6.1,4.35,1.0,1.0,1.0,0.0,0.0,4.5,3.0,10.0,5.8,5.8,1.0,1.0,1.0,0.0,0.0,4.4,5.4,2.0,5.3,5.3,1.0,1.0,1.0,0.0,0.0,9.3,9.8,9.5,9.5,9.5,1.0,2.0,1.0,0.0,10.0,7.2,3.8,5.5,5.5,5.5,1.0,2.0,0.0,0.0,-4.0,-4.0,0.0,0.0,-4.0,-4.0,1.0,5.0,1.0,0.0,4.0,10.0,8.8,9.9,9.6,9.6,4.0,7.0,1.0,1.0,2.38,3.0,5.5,6.5,5.0,1.18,2.0,7.0,0.0,1.0,20.75,-1.0,-1.0,-1.0,-1.0,-2.5,3.0,7.0,0.0,2.0,-1.0,5.5,6.0,1.0,4.2,0.37,1.0,6.0,1.0,0.0,0.0,8.9,7.1,9.0,8.3,8.3,1.0,6.0,1.0,0.0,2.0,8.8,9.8,10.0,9.5,9.5,1.0,8.0,0.0,1.0,30.0,4.2,-1.0,-1.0,1.4,1.4,1.0,8.0,0.0,0.0,-4.0,-4.0,-4.0,-4.0,-4.0,-4.0,1.0,4.0,1.0,0.0,8.0,8.5,5.0,7.5,7.0,7.0,1.0,8.0,1.0,0.0,18.0,5.7,7.1,5.3,6.0,6.0,1.0,8.0,1.0,0.0,16.0,6.2,7.6,8.2,7.3,7.3,0.0,0.0,0.0,0.0,0.0,0.0,0.0,0.0,0.0,0.0,0.0,0.0,0.0,0.0,0.0,0.0,0.0,0.0,0.0,0.0,0.0,0.0,0.0,0.0,0.0,0.0,0.0,0.0,0.0,0.0,0.0,0.0,0.0,0.0,0.0,0.0,0.0,0.0,0.0,0.0,0.0,0.0,0.0,0.0,0.0,0.0,0.0,0.0,0.0,0.0,0.0,0.0,0.0,0.0,0.0,0.0,0.0,0.0,0.0,0.0,0.0,0.0,0.0,0.0,0.0,0.0,0.0,0.0,0.0,0.0,0.0,0.0,0.0,0.0,0.0,0.0,0.0,0.0,0.0,0.0,1.0,5.0,1.0,0.0,4.0,4.0,10.0,9.0,7.7,7.7,0.0,0.0,0.0,0.0,0.0,0.0,0.0,0.0,0.0,0.0,1.0,4.0,1.0,0.0,0.0,9.5,10.0,10.0,9.8,9.8,1.0,1
2019,0,1,1800,0.98,90.0,0.05,9,1.12,28.0,1.0,1.0,1.0,0.0,12.0,8.6,5.1,8.3,7.3,7.3,1.0,1.0,1.0,0.0,14.0,5.0,6.3,4.0,5.1,5.1,1.0,1.0,1.0,0.0,2.0,6.1,6.7,10.0,7.6,7.6,1.0,1.0,1.0,0.0,6.0,7.0,5.3,6.2,6.2,6.2,1.0,1.0,1.0,0.0,2.0,8.5,9.7,10.0,9.4,9.4,1.0,2.0,1.0,0.0,16.0,9.3,5.1,8.3,7.6,7.6,1.0,2.0,1.0,0.0,0.0,6.0,6.3,4.0,5.4,5.4,1.0,2.0,1.0,0.0,2.0,9.0,8.0,8.7,8.6,8.6,1.0,5.0,1.0,0.0,0.0,5.0,5.0,5.0,5.0,5.0,2.0,8.0,1.0,1.0,5.0,9.8,10.0,9.0,9.6,4.3,1.0,5.0,1.0,0.0,0.0,5.0,5.0,8.0,6.0,6.0,1.0,5.0,1.0,0.0,2.0,10.0,6.7,9.1,8.6,8.6,1.0,6.0,1.0,0.0,4.0,9.4,9.5,10.0,9.6,9.6,1.0,6.0,1.0,0.0,2.0,9.4,9.3,8.7,9.1,9.1,1.0,6.0,1.0,0.0,4.0,4.6,7.5,10.0,7.4,7.4,1.0,4.0,1.0,0.0,0.0,9.5,5.0,9.0,7.8,7.8,1.0,4.0,1.0,0.0,2.0,8.4,9.2,8.3,8.6,8.6,1.0,4.0,1.0,0.0,5.0,9.2,9.1,9.6,9.3,9.3,1.0,5.0,1.0,0.0,2.0,6.5,9.0,10.0,8.5,8.5,0.0,0.0,0.0,0.0,0.0,0.0,0.0,0.0,0.0,0.0,1.0,5.0,1.0,0.0,2.0,3.6,9.2,9.1,7.3,7.3,1.0,5.0,1.0,0.0,4.0,8.8,8.2,9.4,8.8,8.8,1.0,8.0,1.0,0.0,4.0,5.9,6.1,4.7,5.6,5.6,0.0,0.0,0.0,0.0,0.0,0.0,0.0,0.0,0.0,0.0,1.0,6.0,1.0,0.0,0.0,10.0,10.0,10.0,10.0,10.0,1.0,7.0,1.0,0.0,0.0,8.4,8.3,9.8,8.8,8.8,1.0,6.0,1.0,0.0,2.0,10.0,10.0,9.0,9.7,9.7,1.0,7.0,1.0,0.0,12.0,7.7,10.0,9.5,9.1,9.1,1.0,6.0,1.0,0.0,2.0,8.7,9.5,9.1,9.1,9.1,1.12,1
2019,0,1,330,0.18,0.0,0.0,1,0.12,5.0,1.0,1.0,0.0,0.0,-7.0,-7.0,-7.0,-7.0,-7.0,-7.0,1.0,1.0,0.0,0.0,-7.0,-7.0,0.0,0.0,-7.0,-7.0,1.0,1.0,0.0,0.0,-7.0,-7.0,0.0,0.0,-7.0,-7.0,1.0,1.0,0.0,0.0,-7.0,-7.0,0.0,0.0,-7.0,-7.0,1.0,1.0,0.0,0.0,-7.0,-7.0,0.0,0.0,-7.0,-7.0,0.0,0.0,0.0,0.0,0.0,0.0,0.0,0.0,0.0,0.0,0.0,0.0,0.0,0.0,0.0,0.0,0.0,0.0,0.0,0.0,0.0,0.0,0.0,0.0,0.0,0.0,0.0,0.0,0.0,0.0,0.0,0.0,0.0,0.0,0.0,0.0,0.0,0.0,0.0,0.0,0.0,0.0,0.0,0.0,0.0,0.0,0.0,0.0,0.0,0.0,0.0,0.0,0.0,0.0,0.0,0.0,0.0,0.0,0.0,0.0,0.0,0.0,0.0,0.0,0.0,0.0,0.0,0.0,0.0,0.0,0.0,0.0,0.0,0.0,0.0,0.0,0.0,0.0,0.0,0.0,0.0,0.0,0.0,0.0,0.0,0.0,0.0,0.0,0.0,0.0,0.0,0.0,0.0,0.0,0.0,0.0,0.0,0.0,0.0,0.0,0.0,0.0,0.0,0.0,0.0,0.0,0.0,0.0,0.0,0.0,0.0,0.0,0.0,0.0,0.0,0.0,0.0,0.0,0.0,0.0,0.0,0.0,0.0,0.0,0.0,0.0,0.0,0.0,0.0,0.0,0.0,0.0,0.0,0.0,0.0,0.0,0.0,0.0,0.0,0.0,0.0,0.0,0.0,0.0,0.0,0.0,0.0,0.0,0.0,0.0,0.0,0.0,0.0,0.0,0.0,0.0,0.0,0.0,0.0,0.0,0.0,0.0,0.0,0.0,0.0,0.0,0.0,0.0,0.0,0.0,0.0,0.0,0.0,0.0,0.0,0.0,0.0,0.0,0.0,0.0,0.0,0.0,0.0,0.0,0.0,0.0,0.0,0.0,0.0,0.0,0.0,0.0,0.0,0.0,0.0,0.0,0.0,0.0,0.0,0.0,0.0,0.0,0.0,0.0,0.0,0.0,0.0,0.0,0.0,0.0,0.0,0.0,0.0,0.0,0.0,0.0,0.0,0.0,0.0,0.0,0.0,0.0,0.0,0.0,0.0,0.0,0.0,0.0,0.0,0.0,0.0,0.0,0.0,0.0,0.0,0.0,0.0,0.0,0.0,0.0,-0.12,-1
2019,1,0,1350,0.74,360.0,0.27,5,0.62,20.0,1.0,1.0,1.0,0.0,4.0,9.2,9.9,10.0,9.7,9.7,1.0,1.0,1.0,0.0,4.0,9.2,7.7,10.0,9.0,9.0,1.0,1.0,1.0,0.0,4.0,4.5,6.6,9.0,6.7,6.7,1.0,1.0,1.0,0.0,2.0,5.6,7.2,8.1,7.0,7.0,1.0,1.0,1.0,0.0,2.0,8.7,9.4,9.5,9.2,9.2,1.0,2.0,1.0,0.0,10.0,8.4,8.1,9.5,8.7,8.7,1.0,2.0,1.0,0.0,0.0,5.0,5.5,10.0,6.8,6.8,1.0,2.0,1.0,0.0,8.0,8.0,8.0,8.0,8.0,8.0,3.0,5.0,0.0,2.0,4.0,8.0,5.0,-1.0,4.3,1.99,3.0,5.0,0.0,2.0,13.33,-1.0,-1.0,-1.0,-1.0,-0.4,2.0,6.0,0.0,1.0,44.0,-4.0,-1.0,-1.0,-4.0,-0.92,1.0,6.0,1.0,0.0,0.0,4.0,8.6,5.0,5.9,5.9,1.0,6.0,1.0,0.0,16.0,8.8,8.6,7.5,8.3,8.3,0.0,0.0,0.0,0.0,0.0,0.0,0.0,0.0,0.0,0.0,1.0,5.0,0.0,0.0,-4.0,-4.0,-4.0,-4.0,-4.0,-4.0,0.0,0.0,0.0,0.0,0.0,0.0,0.0,0.0,0.0,0.0,1.0,4.0,0.0,0.0,-2.0,-2.0,-2.0,-2.0,-2.0,-2.0,0.0,0.0,0.0,0.0,0.0,0.0,0.0,0.0,0.0,0.0,0.0,0.0,0.0,0.0,0.0,0.0,0.0,0.0,0.0,0.0,0.0,0.0,0.0,0.0,0.0,0.0,0.0,0.0,0.0,0.0,0.0,0.0,0.0,0.0,0.0,0.0,0.0,0.0,0.0,0.0,0.0,0.0,0.0,0.0,0.0,0.0,0.0,0.0,0.0,0.0,0.0,0.0,0.0,0.0,0.0,0.0,0.0,0.0,0.0,0.0,0.0,0.0,0.0,0.0,0.0,0.0,0.0,0.0,0.0,0.0,0.0,0.0,0.0,0.0,0.0,0.0,0.0,0.0,0.0,0.0,0.0,0.0,0.0,0.0,0.0,0.0,0.0,0.0,0.0,0.0,0.0,0.0,0.0,0.0,0.0,0.0,0.0,0.0,0.0,0.0,0.0,0.0,0.0,0.0,0.0,0.0,0.0,0.0,0.0,0.0,0.0,0.0,0.0,0.0,0.0,0.0,0.0,0.0,0.0,0.0,-0.62,-1
2019,1,0,540,0.3,270.0,0.5,2,0.25,8.0,1.0,1.0,1.0,0.0,14.0,6.2,3.3,6.0,5.2,5.2,2.0,2.0,0.0,2.0,12.5,1.0,-1.0,-1.0,0.3,1.3,1.0,1.0,1.0,0.0,4.0,3.0,3.1,9.0,5.0,5.0,1.0,1.0,0.0,1.0,20.0,4.4,2.1,-1.0,2.2,2.2,1.0,1.0,1.0,0.0,10.0,7.6,9.4,9.0,8.7,8.7,1.0,2.0,0.0,1.0,76.0,2.5,-1.0,-1.0,0.8,0.8,1.0,2.0,0.0,0.0,-4.0,-4.0,0.0,0.0,-4.0,-4.0,0.0,0.0,0.0,0.0,0.0,0.0,0.0,0.0,0.0,0.0,0.0,0.0,0.0,0.0,0.0,0.0,0.0,0.0,0.0,0.0,0.0,0.0,0.0,0.0,0.0,0.0,0.0,0.0,0.0,0.0,0.0,0.0,0.0,0.0,0.0,0.0,0.0,0.0,0.0,0.0,0.0,0.0,0.0,0.0,0.0,0.0,0.0,0.0,0.0,0.0,0.0,0.0,0.0,0.0,0.0,0.0,0.0,0.0,0.0,0.0,0.0,0.0,0.0,0.0,0.0,0.0,0.0,0.0,0.0,0.0,0.0,0.0,0.0,0.0,0.0,0.0,0.0,0.0,0.0,0.0,0.0,0.0,0.0,0.0,0.0,0.0,0.0,0.0,0.0,0.0,0.0,0.0,0.0,0.0,0.0,0.0,0.0,0.0,0.0,0.0,0.0,0.0,0.0,0.0,0.0,0.0,0.0,0.0,0.0,0.0,0.0,0.0,0.0,0.0,0.0,0.0,0.0,0.0,0.0,0.0,0.0,0.0,0.0,0.0,0.0,0.0,0.0,0.0,0.0,0.0,0.0,0.0,0.0,0.0,0.0,0.0,0.0,0.0,0.0,0.0,0.0,0.0,0.0,0.0,0.0,0.0,0.0,0.0,0.0,0.0,0.0,0.0,0.0,0.0,0.0,0.0,0.0,0.0,0.0,0.0,0.0,0.0,0.0,0.0,0.0,0.0,0.0,0.0,0.0,0.0,0.0,0.0,0.0,0.0,0.0,0.0,0.0,0.0,0.0,0.0,0.0,0.0,0.0,0.0,0.0,0.0,0.0,0.0,0.0,0.0,0.0,0.0,0.0,0.0,0.0,0.0,0.0,0.0,0.0,0.0,0.0,0.0,0.0,0.0,0.0,0.0,0.0,0.0,0.0,0.0,0.0,0.0,0.0,0.0,0.0,0.0,0.0,0.0,0.0,0.0,-0.25,-1
2019,1,0,2160,1.18,630.0,0.29,9,1.12,32.0,1.0,1.0,1.0,0.0,6.0,7.8,5.4,6.0,6.4,6.4,2.0,2.0,1.0,1.0,2.0,3.8,6.0,6.0,5.3,4.95,1.0,1.0,1.0,0.0,0.0,2.2,1.8,10.0,5.6,5.6,1.0,1.0,1.0,0.0,2.0,5.5,6.2,4.0,5.2,5.2,1.0,1.0,1.0,0.0,2.0,8.0,9.7,9.2,9.0,9.0,1.0,2.0,1.0,0.0,6.0,4.1,1.0,4.8,5.0,5.0,1.0,2.0,1.0,0.0,0.0,5.0,5.0,3.0,5.0,5.0,1.0,5.0,1.0,0.0,12.0,8.0,8.4,10.0,8.8,8.8,2.0,6.0,1.0,1.0,0.0,-1.0,-1.0,-1.0,-1.0,2.75,6.0,8.0,1.0,3.0,11.43,3.8,8.0,8.0,6.6,1.4,2.0,7.0,0.0,2.0,26.0,5.0,-1.0,-1.0,1.7,0.35,1.0,6.0,1.0,0.0,0.0,7.0,5.8,7.5,6.8,6.8,1.0,6.0,1.0,0.0,0.0,8.8,8.5,10.0,9.1,9.1,2.0,7.0,1.0,1.0,0.0,8.2,10.0,5.8,8.0,3.5,1.0,4.0,1.0,0.0,2.0,1.0,5.0,8.0,6.3,6.3,1.0,4.0,1.0,0.0,4.0,4.0,4.0,7.0,5.0,5.0,1.0,4.0,1.0,0.0,12.0,5.3,6.7,4.8,5.6,5.6,1.0,6.0,1.0,0.0,0.0,5.7,6.3,-1.0,7.0,7.0,1.0,8.0,1.0,0.0,0.0,9.6,9.0,7.0,8.5,8.5,1.0,5.0,1.0,0.0,4.0,5.4,4.7,7.4,5.8,5.8,1.0,5.0,1.0,0.0,4.0,4.2,7.2,8.7,6.7,6.7,0.0,0.0,0.0,0.0,0.0,0.0,0.0,0.0,0.0,0.0,1.0,8.0,0.0,1.0,8.0,3.2,4.2,3.4,4.2,4.2,0.0,0.0,0.0,0.0,0.0,0.0,0.0,0.0,0.0,0.0,0.0,0.0,0.0,0.0,0.0,0.0,0.0,0.0,0.0,0.0,0.0,0.0,0.0,0.0,0.0,0.0,0.0,0.0,0.0,0.0,0.0,0.0,0.0,0.0,0.0,0.0,0.0,0.0,0.0,0.0,0.0,0.0,0.0,0.0,0.0,0.0,0.0,0.0,0.0,0.0,1.0,6.0,1.0,0.0,4.0,6.1,9.5,7.8,7.8,7.8,1.12,1
2019,1,0,330,0.18,270.0,0.82,1,0.12,5.0,1.0,1.0,0.0,1.0,82.0,2.0,-1.0,-1.0,0.7,0.7,1.0,1.0,0.0,1.0,56.0,-1.0,-1.0,-1.0,-1.0,-1.0,1.0,1.0,0.0,1.0,40.0,-1.0,1.0,-1.0,0.3,0.3,1.0,1.0,0.0,1.0,60.0,-1.0,-1.0,-1.0,-1.0,-1.0,1.0,1.0,1.0,0.0,10.0,4.4,8.8,9.3,7.5,7.5,0.0,0.0,0.0,0.0,0.0,0.0,0.0,0.0,0.0,0.0,0.0,0.0,0.0,0.0,0.0,0.0,0.0,0.0,0.0,0.0,0.0,0.0,0.0,0.0,0.0,0.0,0.0,0.0,0.0,0.0,0.0,0.0,0.0,0.0,0.0,0.0,0.0,0.0,0.0,0.0,0.0,0.0,0.0,0.0,0.0,0.0,0.0,0.0,0.0,0.0,0.0,0.0,0.0,0.0,0.0,0.0,0.0,0.0,0.0,0.0,0.0,0.0,0.0,0.0,0.0,0.0,0.0,0.0,0.0,0.0,0.0,0.0,0.0,0.0,0.0,0.0,0.0,0.0,0.0,0.0,0.0,0.0,0.0,0.0,0.0,0.0,0.0,0.0,0.0,0.0,0.0,0.0,0.0,0.0,0.0,0.0,0.0,0.0,0.0,0.0,0.0,0.0,0.0,0.0,0.0,0.0,0.0,0.0,0.0,0.0,0.0,0.0,0.0,0.0,0.0,0.0,0.0,0.0,0.0,0.0,0.0,0.0,0.0,0.0,0.0,0.0,0.0,0.0,0.0,0.0,0.0,0.0,0.0,0.0,0.0,0.0,0.0,0.0,0.0,0.0,0.0,0.0,0.0,0.0,0.0,0.0,0.0,0.0,0.0,0.0,0.0,0.0,0.0,0.0,0.0,0.0,0.0,0.0,0.0,0.0,0.0,0.0,0.0,0.0,0.0,0.0,0.0,0.0,0.0,0.0,0.0,0.0,0.0,0.0,0.0,0.0,0.0,0.0,0.0,0.0,0.0,0.0,0.0,0.0,0.0,0.0,0.0,0.0,0.0,0.0,0.0,0.0,0.0,0.0,0.0,0.0,0.0,0.0,0.0,0.0,0.0,0.0,0.0,0.0,0.0,0.0,0.0,0.0,0.0,0.0,0.0,0.0,0.0,0.0,0.0,0.0,0.0,0.0,0.0,0.0,0.0,0.0,0.0,0.0,0.0,0.0,0.0,0.0,0.0,0.0,0.0,0.0,0.0,0.0,0.0,0.0,0.0,0.0,0.0,0.0,-0.12,-1
2019,0,1,780,0.43,180.0,0.23,5,0.62,12.0,1.0,1.0,1.0,0.0,6.0,7.5,3.2,6.0,5.6,5.6,2.0,2.0,0.0,2.0,11.5,3.5,3.5,5.5,4.4,2.75,1.0,1.0,1.0,0.0,2.0,4.1,4.5,10.0,6.2,6.2,1.0,1.0,1.0,0.0,4.0,7.0,5.7,3.0,5.2,5.2,1.0,1.0,1.0,0.0,2.0,9.3,9.8,10.0,9.7,9.7,1.0,2.0,0.0,0.0,-4.0,-4.0,-4.0,-4.0,-4.0,-4.0,1.0,2.0,0.0,1.0,0.0,0.5,-1.0,-1.0,0.2,0.2,2.0,4.0,0.0,0.0,-3.0,-4.0,-4.0,-4.0,-4.0,-3.0,0.0,0.0,0.0,0.0,0.0,0.0,0.0,0.0,0.0,0.0,0.0,0.0,0.0,0.0,0.0,0.0,0.0,0.0,0.0,0.0,1.0,6.0,0.0,0.0,-2.0,-2.0,0.0,0.0,-2.0,-2.0,1.0,6.0,0.0,0.0,-2.0,-2.0,-2.0,-2.0,-2.0,-2.0,0.0,0.0,0.0,0.0,0.0,0.0,0.0,0.0,0.0,0.0,0.0,0.0,0.0,0.0,0.0,0.0,0.0,0.0,0.0,0.0,0.0,0.0,0.0,0.0,0.0,0.0,0.0,0.0,0.0,0.0,0.0,0.0,0.0,0.0,0.0,0.0,0.0,0.0,0.0,0.0,0.0,0.0,0.0,0.0,0.0,0.0,0.0,0.0,0.0,0.0,0.0,0.0,0.0,0.0,0.0,0.0,0.0,0.0,0.0,0.0,0.0,0.0,0.0,0.0,0.0,0.0,0.0,0.0,0.0,0.0,0.0,0.0,0.0,0.0,0.0,0.0,0.0,0.0,0.0,0.0,0.0,0.0,0.0,0.0,0.0,0.0,0.0,0.0,0.0,0.0,0.0,0.0,0.0,0.0,0.0,0.0,0.0,0.0,0.0,0.0,0.0,0.0,0.0,0.0,0.0,0.0,0.0,0.0,0.0,0.0,0.0,0.0,0.0,0.0,0.0,0.0,0.0,0.0,0.0,0.0,0.0,0.0,0.0,0.0,0.0,0.0,0.0,0.0,0.0,0.0,0.0,0.0,0.0,0.0,0.0,0.0,0.0,0.0,0.0,0.0,0.0,0.0,0.0,0.0,0.0,0.0,0.0,0.0,0.0,0.0,0.0,0.0,0.0,0.0,0.0,0.0,0.0,0.0,0.0,0.0,0.0,0.0,0.0,0.0,0.0,0.0,0.0,0.0,0.0,0.0,-0.62,-1
2019,1,0,1890,1.03,60.0,0.03,8,1.0,30.0,1.0,1.0,1.0,0.0,6.0,7.3,5.4,10.0,7.6,7.6,2.0,2.0,1.0,1.0,6.0,7.5,4.5,4.2,5.4,5.15,1.0,1.0,1.0,0.0,2.0,3.0,1.3,8.9,5.0,5.0,1.0,1.0,1.0,0.0,0.0,5.5,3.7,1.8,5.0,5.0,1.0,1.0,1.0,0.0,0.0,8.5,9.5,9.4,9.1,9.1,1.0,2.0,1.0,0.0,14.0,8.4,2.7,6.8,7.7,7.7,1.0,2.0,1.0,0.0,0.0,5.0,4.0,4.0,5.0,5.0,1.0,5.0,1.0,0.0,0.0,8.0,10.0,9.9,9.3,9.3,1.0,6.0,1.0,0.0,2.0,5.0,10.0,8.7,7.9,7.9,1.0,6.0,1.0,0.0,0.0,8.0,8.0,9.0,8.3,8.3,2.0,7.0,1.0,0.0,-1.0,6.5,8.0,5.0,6.5,3.88,1.0,5.0,1.0,0.0,0.0,10.0,8.6,9.0,9.2,9.2,1.0,6.0,1.0,0.0,0.0,8.8,8.6,7.5,8.3,8.3,1.0,4.0,1.0,0.0,0.0,10.0,10.0,10.0,10.0,10.0,1.0,6.0,1.0,0.0,2.0,7.4,6.0,6.0,6.5,6.5,1.0,5.0,1.0,0.0,0.0,10.0,4.0,7.0,7.0,7.0,1.0,4.0,1.0,0.0,4.0,7.2,9.8,6.7,7.9,7.9,1.0,4.0,1.0,0.0,1.0,9.5,8.3,8.5,8.8,8.8,1.0,5.0,1.0,0.0,2.0,10.0,9.0,9.0,9.3,9.3,1.0,5.0,1.0,0.0,0.0,9.6,7.9,9.0,8.8,8.8,1.0,5.0,1.0,0.0,4.0,6.8,9.1,9.1,8.3,8.3,1.0,5.0,1.0,0.0,2.0,8.2,7.9,8.6,8.2,8.2,1.0,6.0,1.0,0.0,0.0,9.2,8.3,8.4,8.6,8.6,0.0,0.0,0.0,0.0,0.0,0.0,0.0,0.0,0.0,0.0,1.0,6.0,1.0,0.0,0.0,9.5,10.0,10.0,9.8,9.8,1.0,7.0,1.0,0.0,0.0,7.1,6.8,9.4,7.8,7.8,1.0,2.0,1.0,0.0,12.0,4.6,2.7,6.7,5.7,5.7,1.0,7.0,1.0,0.0,7.0,4.4,8.0,9.8,7.4,7.4,1.0,6.0,1.0,0.0,0.0,7.4,9.5,8.5,8.5,8.5,1.0,1
2019,1,0,2040,1.11,660.0,0.32,9,1.12,32.0,1.0,1.0,1.0,0.0,4.0,8.3,4.3,4.0,5.5,5.5,1.0,1.0,1.0,0.0,4.0,6.2,5.8,5.0,5.7,5.7,1.0,1.0,1.0,0.0,0.0,7.2,0.5,9.0,6.9,6.9,1.0,1.0,1.0,0.0,6.0,6.6,6.5,3.2,5.4,5.4,1.0,1.0,1.0,0.0,0.0,9.5,9.8,8.0,9.1,9.1,2.0,6.0,1.0,1.0,18.0,7.4,6.1,6.0,6.5,4.75,2.0,8.0,0.0,2.0,0.0,-1.0,-1.0,-1.0,-1.0,-0.25,1.0,2.0,1.0,0.0,4.0,9.0,8.5,5.3,7.6,7.6,2.0,5.0,1.0,1.0,30.0,3.0,8.0,6.0,5.7,2.35,1.0,4.0,0.0,1.0,50.0,-1.0,-1.0,-1.0,-1.0,-1.0,2.0,5.0,0.0,1.0,-2.0,-1.0,-1.0,-1.0,-1.0,-2.5,1.0,5.0,1.0,0.0,4.0,10.0,0.6,8.8,8.7,8.7,1.0,6.0,1.0,0.0,0.0,10.0,8.8,9.0,9.3,9.3,2.0,7.0,1.0,0.0,-2.0,7.5,8.0,3.3,6.3,1.15,3.0,6.0,1.0,2.0,26.67,4.8,5.3,6.7,5.6,3.03,2.0,7.0,0.0,1.0,11.0,-1.0,2.0,-1.0,0.7,-1.65,1.0,4.0,1.0,0.0,16.0,5.0,5.3,5.3,5.2,5.2,1.0,6.0,1.0,0.0,0.0,7.5,7.7,4.8,6.7,6.7,1.0,8.0,1.0,0.0,0.0,9.5,9.0,9.0,9.2,9.2,1.0,7.0,1.0,0.0,12.0,5.4,5.0,6.3,5.6,5.6,1.0,7.0,0.0,1.0,46.0,1.4,1.3,-1.0,0.9,0.9,1.0,8.0,1.0,0.0,16.0,8.3,7.5,8.5,8.1,8.1,1.0,8.0,1.0,0.0,16.0,5.1,4.4,7.4,5.6,5.6,0.0,0.0,0.0,0.0,0.0,0.0,0.0,0.0,0.0,0.0,0.0,0.0,0.0,0.0,0.0,0.0,0.0,0.0,0.0,0.0,0.0,0.0,0.0,0.0,0.0,0.0,0.0,0.0,0.0,0.0,1.0,5.0,1.0,0.0,4.0,4.0,8.0,8.0,6.7,6.7,0.0,0.0,0.0,0.0,0.0,0.0,0.0,0.0,0.0,0.0,0.0,0.0,0.0,0.0,0.0,0.0,0.0,0.0,0.0,0.0,1.12,1
2019,1,0,570,0.31,270.0,0.47,3,0.38,9.0,1.0,1.0,0.0,1.0,60.0,3.0,1.1,-1.0,1.4,1.4,1.0,1.0,0.0,1.0,38.0,-1.0,-1.0,-1.0,-1.0,-1.0,1.0,1.0,0.0,1.0,10.0,2.4,2.3,-1.0,1.6,1.6,1.0,1.0,0.0,1.0,34.0,4.2,-1.0,-1.0,1.4,1.4,1.0,1.0,1.0,0.0,14.0,7.3,9.8,9.5,8.9,8.9,0.0,0.0,0.0,0.0,0.0,0.0,0.0,0.0,0.0,0.0,0.0,0.0,0.0,0.0,0.0,0.0,0.0,0.0,0.0,0.0,1.0,2.0,1.0,0.0,6.0,9.5,8.0,8.7,8.7,8.7,0.0,0.0,0.0,0.0,0.0,0.0,0.0,0.0,0.0,0.0,0.0,0.0,0.0,0.0,0.0,0.0,0.0,0.0,0.0,0.0,0.0,0.0,0.0,0.0,0.0,0.0,0.0,0.0,0.0,0.0,1.0,6.0,0.0,0.0,-2.0,-2.0,-2.0,-2.0,-2.0,-2.0,1.0,6.0,0.0,0.0,-2.0,-2.0,-2.0,-2.0,-2.0,-2.0,0.0,0.0,0.0,0.0,0.0,0.0,0.0,0.0,0.0,0.0,0.0,0.0,0.0,0.0,0.0,0.0,0.0,0.0,0.0,0.0,0.0,0.0,0.0,0.0,0.0,0.0,0.0,0.0,0.0,0.0,0.0,0.0,0.0,0.0,0.0,0.0,0.0,0.0,0.0,0.0,0.0,0.0,0.0,0.0,0.0,0.0,0.0,0.0,0.0,0.0,0.0,0.0,0.0,0.0,0.0,0.0,0.0,0.0,0.0,0.0,0.0,0.0,0.0,0.0,0.0,0.0,0.0,0.0,0.0,0.0,0.0,0.0,0.0,0.0,0.0,0.0,0.0,0.0,0.0,0.0,0.0,0.0,0.0,0.0,0.0,0.0,0.0,0.0,0.0,0.0,0.0,0.0,0.0,0.0,0.0,0.0,0.0,0.0,0.0,0.0,0.0,0.0,0.0,0.0,0.0,0.0,0.0,0.0,0.0,0.0,0.0,0.0,0.0,0.0,0.0,0.0,0.0,0.0,0.0,0.0,0.0,0.0,0.0,0.0,0.0,0.0,0.0,0.0,0.0,0.0,0.0,0.0,0.0,0.0,0.0,0.0,0.0,0.0,0.0,0.0,0.0,0.0,0.0,0.0,0.0,0.0,0.0,0.0,0.0,0.0,1.0,2.0,0.0,0.0,-4.0,-4.0,-4.0,-4.0,-4.0,-4.0,-0.38,-1
2019,1,0,1440,0.79,510.0,0.35,6,0.75,22.0,1.0,1.0,0.0,0.0,-7.0,-7.0,-7.0,-7.0,-7.0,-7.0,1.0,1.0,0.0,0.0,-7.0,-7.0,0.0,0.0,-7.0,-7.0,1.0,1.0,0.0,0.0,-7.0,-7.0,0.0,0.0,-7.0,-7.0,1.0,1.0,0.0,0.0,-7.0,-7.0,0.0,0.0,-7.0,-7.0,1.0,1.0,0.0,0.0,-7.0,-7.0,0.0,0.0,-7.0,-7.0,0.0,0.0,0.0,0.0,0.0,0.0,0.0,0.0,0.0,0.0,3.0,8.0,0.0,2.0,22.67,-1.0,-1.0,-1.0,-1.0,-1.33,0.0,0.0,0.0,0.0,0.0,0.0,0.0,0.0,0.0,0.0,5.0,7.0,0.0,2.0,21.62,-2.0,-2.0,-2.0,-2.0,-1.92,3.0,7.0,0.0,1.0,23.0,-2.0,-2.0,-2.0,-2.0,-2.29,3.0,7.0,0.0,1.0,10.14,-2.0,-2.0,-2.0,-2.0,-1.3,0.0,0.0,0.0,0.0,0.0,0.0,0.0,0.0,0.0,0.0,0.0,0.0,0.0,0.0,0.0,0.0,0.0,0.0,0.0,0.0,0.0,0.0,0.0,0.0,0.0,0.0,0.0,0.0,0.0,0.0,0.0,0.0,0.0,0.0,0.0,0.0,0.0,0.0,0.0,0.0,3.0,8.0,0.0,2.0,32.33,-1.0,-1.0,-1.0,-1.0,-1.33,0.0,0.0,0.0,0.0,0.0,0.0,0.0,0.0,0.0,0.0,0.0,0.0,0.0,0.0,0.0,0.0,0.0,0.0,0.0,0.0,0.0,0.0,0.0,0.0,0.0,0.0,0.0,0.0,0.0,0.0,0.0,0.0,0.0,0.0,0.0,0.0,0.0,0.0,0.0,0.0,0.0,0.0,0.0,0.0,0.0,0.0,0.0,0.0,0.0,0.0,0.0,0.0,0.0,0.0,0.0,0.0,0.0,0.0,0.0,0.0,0.0,0.0,0.0,0.0,0.0,0.0,0.0,0.0,0.0,0.0,0.0,0.0,0.0,0.0,0.0,0.0,0.0,0.0,0.0,0.0,0.0,0.0,0.0,0.0,0.0,0.0,0.0,0.0,0.0,0.0,0.0,0.0,0.0,0.0,0.0,0.0,0.0,0.0,0.0,0.0,0.0,0.0,0.0,0.0,0.0,0.0,0.0,0.0,0.0,0.0,0.0,0.0,0.0,0.0,0.0,0.0,0.0,0.0,0.0,0.0,0.0,0.0,0.0,0.0,0.0,0.0,0.0,0.0,0.0,0.0,0.75,1
2019,0,1,450,0.25,270.0,0.6,3,0.38,7.0,1.0,1.0,0.0,1.0,46.0,2.4,-1.0,-1.0,0.8,0.8,1.0,1.0,0.0,0.0,-4.0,-4.0,0.0,0.0,-4.0,-4.0,1.0,1.0,1.0,0.0,12.0,0.9,4.0,4.0,5.2,5.2,1.0,1.0,0.0,1.0,36.0,2.1,1.5,-1.0,1.2,1.2,1.0,1.0,0.0,1.0,36.0,-1.0,-1.0,-1.0,-1.0,-1.0,0.0,0.0,0.0,0.0,0.0,0.0,0.0,0.0,0.0,0.0,0.0,0.0,0.0,0.0,0.0,0.0,0.0,0.0,0.0,0.0,0.0,0.0,0.0,0.0,0.0,0.0,0.0,0.0,0.0,0.0,0.0,0.0,0.0,0.0,0.0,0.0,0.0,0.0,0.0,0.0,0.0,0.0,0.0,0.0,0.0,0.0,0.0,0.0,0.0,0.0,0.0,0.0,0.0,0.0,0.0,0.0,0.0,0.0,0.0,0.0,0.0,0.0,0.0,0.0,0.0,0.0,0.0,0.0,0.0,0.0,0.0,0.0,0.0,0.0,0.0,0.0,0.0,0.0,0.0,0.0,0.0,0.0,0.0,0.0,0.0,0.0,0.0,0.0,0.0,0.0,0.0,0.0,0.0,0.0,0.0,0.0,0.0,0.0,0.0,0.0,0.0,0.0,0.0,0.0,0.0,0.0,0.0,0.0,0.0,0.0,0.0,0.0,0.0,0.0,0.0,0.0,0.0,0.0,0.0,0.0,0.0,0.0,0.0,0.0,0.0,0.0,0.0,0.0,0.0,0.0,0.0,0.0,0.0,0.0,0.0,0.0,0.0,0.0,0.0,0.0,0.0,0.0,0.0,0.0,0.0,0.0,0.0,0.0,0.0,0.0,0.0,0.0,0.0,0.0,0.0,0.0,0.0,0.0,0.0,0.0,0.0,0.0,0.0,0.0,0.0,0.0,0.0,0.0,0.0,0.0,0.0,0.0,0.0,0.0,0.0,0.0,0.0,0.0,0.0,0.0,0.0,0.0,0.0,0.0,0.0,0.0,0.0,0.0,0.0,0.0,0.0,0.0,0.0,0.0,0.0,0.0,0.0,0.0,0.0,0.0,0.0,0.0,0.0,0.0,0.0,0.0,0.0,0.0,0.0,0.0,2.0,6.0,0.0,1.0,17.5,-2.0,0.5,3.5,-2.0,1.6,0.0,0.0,0.0,0.0,0.0,0.0,0.0,0.0,0.0,0.0,0.0,0.0,0.0,0.0,0.0,0.0,0.0,0.0,0.0,0.0,-0.38,-1
2019,1,0,1170,0.64,240.0,0.21,5,0.62,18.0,1.0,1.0,1.0,0.0,2.0,8.0,4.3,7.0,6.4,6.4,1.0,1.0,1.0,0.0,2.0,4.7,5.0,4.0,5.5,5.5,1.0,1.0,1.0,0.0,0.0,5.4,3.3,10.0,6.2,6.2,1.0,1.0,1.0,0.0,2.0,5.7,4.8,3.8,5.9,5.9,1.0,1.0,1.0,0.0,0.0,9.3,9.5,8.5,9.1,9.1,1.0,2.0,1.0,0.0,6.0,7.8,2.1,7.0,5.9,5.9,1.0,2.0,1.0,0.0,0.0,6.0,2.0,2.0,5.3,5.3,1.0,2.0,1.0,0.0,0.0,10.0,8.0,7.9,8.6,8.6,1.0,6.0,0.0,0.0,-4.0,-4.0,0.0,0.0,-4.0,-4.0,1.0,6.0,0.0,0.0,-4.0,-4.0,0.0,0.0,-4.0,-4.0,2.0,5.0,0.0,1.0,-2.0,-1.0,-1.0,-1.0,-1.0,-2.5,2.0,5.0,0.0,1.0,15.5,8.2,-1.0,-1.0,2.7,-0.65,1.0,6.0,1.0,0.0,2.0,10.0,9.8,10.0,9.9,9.9,0.0,0.0,0.0,0.0,0.0,0.0,0.0,0.0,0.0,0.0,0.0,0.0,0.0,0.0,0.0,0.0,0.0,0.0,0.0,0.0,1.0,6.0,0.0,1.0,44.0,-1.0,-1.0,-1.0,-1.0,-1.0,0.0,0.0,0.0,0.0,0.0,0.0,0.0,0.0,0.0,0.0,0.0,0.0,0.0,0.0,0.0,0.0,0.0,0.0,0.0,0.0,0.0,0.0,0.0,0.0,0.0,0.0,0.0,0.0,0.0,0.0,0.0,0.0,0.0,0.0,0.0,0.0,0.0,0.0,0.0,0.0,0.0,0.0,0.0,0.0,0.0,0.0,0.0,0.0,0.0,0.0,0.0,0.0,0.0,0.0,0.0,0.0,0.0,0.0,0.0,0.0,0.0,0.0,0.0,0.0,0.0,0.0,0.0,0.0,0.0,0.0,1.0,6.0,0.0,1.0,44.0,6.0,-1.0,-1.0,2.0,2.0,0.0,0.0,0.0,0.0,0.0,0.0,0.0,0.0,0.0,0.0,0.0,0.0,0.0,0.0,0.0,0.0,0.0,0.0,0.0,0.0,0.0,0.0,0.0,0.0,0.0,0.0,0.0,0.0,0.0,0.0,0.0,0.0,0.0,0.0,0.0,0.0,0.0,0.0,0.0,0.0,1.0,5.0,1.0,0.0,6.0,8.5,9.5,8.5,8.8,8.8,-0.62,-1
2019,1,0,540,0.3,150.0,0.28,2,0.25,8.0,2.0,2.0,0.0,1.0,19.0,-2.0,2.6,-1.0,-2.0,0.85,1.0,1.0,0.0,1.0,13.0,-1.0,5.0,0.5,1.8,1.8,1.0,1.0,1.0,0.0,4.0,5.0,7.0,9.0,7.0,7.0,1.0,1.0,1.0,0.0,8.0,3.0,3.0,7.0,5.6,5.6,1.0,1.0,1.0,0.0,8.0,6.5,8.7,4.6,6.6,6.6,0.0,0.0,0.0,0.0,0.0,0.0,0.0,0.0,0.0,0.0,1.0,2.0,0.0,0.0,-2.0,-2.0,0.0,0.0,-2.0,-2.0,1.0,2.0,0.0,0.0,-2.0,-2.0,0.0,0.0,-2.0,-2.0,0.0,0.0,0.0,0.0,0.0,0.0,0.0,0.0,0.0,0.0,0.0,0.0,0.0,0.0,0.0,0.0,0.0,0.0,0.0,0.0,0.0,0.0,0.0,0.0,0.0,0.0,0.0,0.0,0.0,0.0,0.0,0.0,0.0,0.0,0.0,0.0,0.0,0.0,0.0,0.0,0.0,0.0,0.0,0.0,0.0,0.0,0.0,0.0,0.0,0.0,0.0,0.0,0.0,0.0,0.0,0.0,0.0,0.0,0.0,0.0,0.0,0.0,0.0,0.0,0.0,0.0,0.0,0.0,0.0,0.0,0.0,0.0,0.0,0.0,0.0,0.0,0.0,0.0,0.0,0.0,0.0,0.0,0.0,0.0,0.0,0.0,0.0,0.0,0.0,0.0,0.0,0.0,0.0,0.0,0.0,0.0,0.0,0.0,0.0,0.0,0.0,0.0,0.0,0.0,0.0,0.0,0.0,0.0,0.0,0.0,0.0,0.0,0.0,0.0,0.0,0.0,0.0,0.0,0.0,0.0,0.0,0.0,0.0,0.0,0.0,0.0,0.0,0.0,0.0,0.0,0.0,0.0,0.0,0.0,0.0,0.0,0.0,0.0,0.0,0.0,0.0,0.0,0.0,0.0,0.0,0.0,0.0,0.0,0.0,0.0,0.0,0.0,0.0,0.0,0.0,0.0,0.0,0.0,0.0,0.0,0.0,0.0,0.0,0.0,0.0,0.0,0.0,0.0,0.0,0.0,0.0,0.0,0.0,0.0,0.0,0.0,0.0,0.0,0.0,0.0,0.0,0.0,0.0,0.0,0.0,0.0,0.0,0.0,0.0,0.0,0.0,0.0,0.0,0.0,0.0,0.0,0.0,0.0,0.0,0.0,0.0,0.0,0.0,0.0,0.0,0.0,0.0,0.0,0.0,0.0,-0.25,-1
